1751852295.0911798,2084,2084,2084,2084,2084,2084,2084,2084,2084,2084,2084,2084,2084,2084,2084,2084,2084,2084,2084,2084,2084,2084,2084,2084,2084,2084,2084,2084,2084,2084,2084,2084,2084,2084,2084,2084,2084,2084,2084,2084,2084,2084,2084,2084,2084,2084,2084,2084,2084,2084,2084,2084,2084,2084,2084,2084,2084,2084,2084,2084
1751852296.1938689,2085,2085,2085,2085,2085,2085,2085,2085,2085,2085,2085,2085,2085,2085,2085,2085,2085,2085,2085,2085,2085,2085,2085,2085,2085,2085,2085,2085,2085,2085,2085,2085,2085,2085,2085,2085,2085,2085,2085,2085,2085,2085,2085,2085,2085,2085,2085,2085,2085,2085,2085,2085,2085,2085,2085,2085,2085,2085,2085,2085
1751852297.2020824,2086,2086,2086,2086,2086,2086,2086,2086,2086,2086,2086,2086,2086,2086,2086,2086,2086,2086,2086,2086,2086,2086,2086,2086,2086,2086,2086,2086,2086,2086,2086,2086,2086,2086,2086,2086,2086,2086,2086,2086,2086,2086,2086,2086,2086,2086,2086,2086,2086,2086,2086,2086,2086,2086,2086,2086,2086,2086,2086,2086
1751852298.1556928,2087,2087,2087,2087,2087,2087,2087,2087,2087,2087,2087,2087,2087,2087,2087,2087,2087,2087,2087,2087,2087,2087,2087,2087,2087,2087,2087,2087,2087,2087,2087,2087,2087,2087,2087,2087,2087,2087,2087,2087,2087,2087,2087,2087,2087,2087,2087,2087,2087,2087,2087,2087,2087,2087,2087,2087,2087,2087,2087,2087
1751852299.1688118,2088,2088,2088,2088,2088,2088,2088,2088,2088,2088,2088,2088,2088,2088,2088,2088,2088,2088,2088,2088,2088,2088,2088,2088,2088,2088,2088,2088,2088,2088,2088,2088,2088,2088,2088,2088,2088,2088,2088,2088,2088,2088,2088,2088,2088,2088,2088,2088,2088,2088,2088,2088,2088,2088,2088,2088,2088,2088,2088,2088
1751852300.1665742,2089,2089,2089,2089,2089,2089,2089,2089,2089,2089,2089,2089,2089,2089,2089,2089,2089,2089,2089,2089,2089,2089,2089,2089,2089,2089,2089,2089,2089,2089,2089,2089,2089,2089,2089,2089,2089,2089,2089,2089,2089,2089,2089,2089,2089,2089,2089,2089,2089,2089,2089,2089,2089,2089,2089,2089,2089,2089,2089,2089
1751852301.2033124,2090,2090,2090,2090,2090,2090,2090,2090,2090,2090,2090,2090,2090,2090,2090,2090,2090,2090,2090,2090,2090,2090,2090,2090,2090,2090,2090,2090,2090,2090,2090,2090,2090,2090,2090,2090,2090,2090,2090,2090,2090,2090,2090,2090,2090,2090,2090,2090,2090,2090,2090,2090,2090,2090,2090,2090,2090,2090,2090,2090
1751852302.1945014,2091,2091,2091,2091,2091,2091,2091,2091,2091,2091,2091,2091,2091,2091,2091,2091,2091,2091,2091,2091,2091,2091,2091,2091,2091,2091,2091,2091,2091,2091,2091,2091,2091,2091,2091,2091,2091,2091,2091,2091,2091,2091,2091,2091,2091,2091,2091,2091,2091,2091,2091,2091,2091,2091,2091,2091,2091,2091,2091,2091
1751852303.118523,2092,2092,2092,2092,2092,2092,2092,2092,2092,2092,2092,2092,2092,2092,2092,2092,2092,2092,2092,2092,2092,2092,2092,2092,2092,2092,2092,2092,2092,2092,2092,2092,2092,2092,2092,2092,2092,2092,2092,2092,2092,2092,2092,2092,2092,2092,2092,2092,2092,2092,2092,2092,2092,2092,2092,2092,2092,2092,2092,2092
1751852304.1720746,2093,2093,2093,2093,2093,2093,2093,2093,2093,2093,2093,2093,2093,2093,2093,2093,2093,2093,2093,2093,2093,2093,2093,2093,2093,2093,2093,2093,2093,2093,2093,2093,2093,2093,2093,2093,2093,2093,2093,2093,2093,2093,2093,2093,2093,2093,2093,2093,2093,2093,2093,2093,2093,2093,2093,2093,2093,2093,2093,2093
1751852305.1962376,2094,2094,2094,2094,2094,2094,2094,2094,2094,2094,2094,2094,2094,2094,2094,2094,2094,2094,2094,2094,2094,2094,2094,2094,2094,2094,2094,2094,2094,2094,2094,2094,2094,2094,2094,2094,2094,2094,2094,2094,2094,2094,2094,2094,2094,2094,2094,2094,2094,2094,2094,2094,2094,2094,2094,2094,2094,2094,2094,2094
1751852306.1765628,2095,2095,2095,2095,2095,2095,2095,2095,2095,2095,2095,2095,2095,2095,2095,2095,2095,2095,2095,2095,2095,2095,2095,2095,2095,2095,2095,2095,2095,2095,2095,2095,2095,2095,2095,2095,2095,2095,2095,2095,2095,2095,2095,2095,2095,2095,2095,2095,2095,2095,2095,2095,2095,2095,2095,2095,2095,2095,2095,2095
1751852307.1899576,2096,2096,2096,2096,2096,2096,2096,2096,2096,2096,2096,2096,2096,2096,2096,2096,2096,2096,2096,2096,2096,2096,2096,2096,2096,2096,2096,2096,2096,2096,2096,2096,2096,2096,2096,2096,2096,2096,2096,2096,2096,2096,2096,2096,2096,2096,2096,2096,2096,2096,2096,2096,2096,2096,2096,2096,2096,2096,2096,2096
1751852308.2271311,2097,2097,2097,2097,2097,2097,2097,2097,2097,2097,2097,2097,2097,2097,2097,2097,2097,2097,2097,2097,2097,2097,2097,2097,2097,2097,2097,2097,2097,2097,2097,2097,2097,2097,2097,2097,2097,2097,2097,2097,2097,2097,2097,2097,2097,2097,2097,2097,2097,2097,2097,2097,2097,2097,2097,2097,2097,2097,2097,2097
1751852309.1224983,2098,2098,2098,2098,2098,2098,2098,2098,2098,2098,2098,2098,2098,2098,2098,2098,2098,2098,2098,2098,2098,2098,2098,2098,2098,2098,2098,2098,2098,2098,2098,2098,2098,2098,2098,2098,2098,2098,2098,2098,2098,2098,2098,2098,2098,2098,2098,2098,2098,2098,2098,2098,2098,2098,2098,2098,2098,2098,2098,2098
1751852310.1291564,2099,2099,2099,2099,2099,2099,2099,2099,2099,2099,2099,2099,2099,2099,2099,2099,2099,2099,2099,2099,2099,2099,2099,2099,2099,2099,2099,2099,2099,2099,2099,2099,2099,2099,2099,2099,2099,2099,2099,2099,2099,2099,2099,2099,2099,2099,2099,2099,2099,2099,2099,2099,2099,2099,2099,2099,2099,2099,2099,2099
1751852311.193223,2100,2100,2100,2100,2100,2100,2100,2100,2100,2100,2100,2100,2100,2100,2100,2100,2100,2100,2100,2100,2100,2100,2100,2100,2100,2100,2100,2100,2100,2100,2100,2100,2100,2100,2100,2100,2100,2100,2100,2100,2100,2100,2100,2100,2100,2100,2100,2100,2100,2100,2100,2100,2100,2100,2100,2100,2100,2100,2100,2100
1751852312.1721482,2101,2101,2101,2101,2101,2101,2101,2101,2101,2101,2101,2101,2101,2101,2101,2101,2101,2101,2101,2101,2101,2101,2101,2101,2101,2101,2101,2101,2101,2101,2101,2101,2101,2101,2101,2101,2101,2101,2101,2101,2101,2101,2101,2101,2101,2101,2101,2101,2101,2101,2101,2101,2101,2101,2101,2101,2101,2101,2101,2101
1751852313.1771016,2102,2102,2102,2102,2102,2102,2102,2102,2102,2102,2102,2102,2102,2102,2102,2102,2102,2102,2102,2102,2102,2102,2102,2102,2102,2102,2102,2102,2102,2102,2102,2102,2102,2102,2102,2102,2102,2102,2102,2102,2102,2102,2102,2102,2102,2102,2102,2102,2102,2102,2102,2102,2102,2102,2102,2102,2102,2102,2102,2102
1751852314.1999328,2103,2103,2103,2103,2103,2103,2103,2103,2103,2103,2103,2103,2103,2103,2103,2103,2103,2103,2103,2103,2103,2103,2103,2103,2103,2103,2103,2103,2103,2103,2103,2103,2103,2103,2103,2103,2103,2103,2103,2103,2103,2103,2103,2103,2103,2103,2103,2103,2103,2103,2103,2103,2103,2103,2103,2103,2103,2103,2103,2103
1751852315.153975,2104,2104,2104,2104,2104,2104,2104,2104,2104,2104,2104,2104,2104,2104,2104,2104,2104,2104,2104,2104,2104,2104,2104,2104,2104,2104,2104,2104,2104,2104,2104,2104,2104,2104,2104,2104,2104,2104,2104,2104,2104,2104,2104,2104,2104,2104,2104,2104,2104,2104,2104,2104,2104,2104,2104,2104,2104,2104,2104,2104
1751852316.2305796,2105,2105,2105,2105,2105,2105,2105,2105,2105,2105,2105,2105,2105,2105,2105,2105,2105,2105,2105,2105,2105,2105,2105,2105,2105,2105,2105,2105,2105,2105,2105,2105,2105,2105,2105,2105,2105,2105,2105,2105,2105,2105,2105,2105,2105,2105,2105,2105,2105,2105,2105,2105,2105,2105,2105,2105,2105,2105,2105,2105
1751852317.2278898,2106,2106,2106,2106,2106,2106,2106,2106,2106,2106,2106,2106,2106,2106,2106,2106,2106,2106,2106,2106,2106,2106,2106,2106,2106,2106,2106,2106,2106,2106,2106,2106,2106,2106,2106,2106,2106,2106,2106,2106,2106,2106,2106,2106,2106,2106,2106,2106,2106,2106,2106,2106,2106,2106,2106,2106,2106,2106,2106,2106
1751852318.2592847,2107,2107,2107,2107,2107,2107,2107,2107,2107,2107,2107,2107,2107,2107,2107,2107,2107,2107,2107,2107,2107,2107,2107,2107,2107,2107,2107,2107,2107,2107,2107,2107,2107,2107,2107,2107,2107,2107,2107,2107,2107,2107,2107,2107,2107,2107,2107,2107,2107,2107,2107,2107,2107,2107,2107,2107,2107,2107,2107,2107
1751852319.2198613,2108,2108,2108,2108,2108,2108,2108,2108,2108,2108,2108,2108,2108,2108,2108,2108,2108,2108,2108,2108,2108,2108,2108,2108,2108,2108,2108,2108,2108,2108,2108,2108,2108,2108,2108,2108,2108,2108,2108,2108,2108,2108,2108,2108,2108,2108,2108,2108,2108,2108,2108,2108,2108,2108,2108,2108,2108,2108,2108,2108
1751852320.208766,2109,2109,2109,2109,2109,2109,2109,2109,2109,2109,2109,2109,2109,2109,2109,2109,2109,2109,2109,2109,2109,2109,2109,2109,2109,2109,2109,2109,2109,2109,2109,2109,2109,2109,2109,2109,2109,2109,2109,2109,2109,2109,2109,2109,2109,2109,2109,2109,2109,2109,2109,2109,2109,2109,2109,2109,2109,2109,2109,2109
