timestamp,R0C0,R0C1,R0C2,R0C3,R0C4,R0C5,R0C6,R0C7,R0C8,R0C9,R0C10,R0C11,R0C12,R0C13,R0C14,R0C15,R1C0,R1C1,R1C2,R1C3,R1C4,R1C5,R1C6,R1C7,R1C8,R1C9,R1C10,R1C11,R1C12,R1C13,R1C14,R1C15,R2C0,R2C1,R2C2,R2C3,R2C4,R2C5,R2C6,R2C7,R2C8,R2C9,R2C10,R2C11,R2C12,R2C13,R2C14,R2C15,R3C0,R3C1,R3C2,R3C3,R3C4,R3C5,R3C6,R3C7,R3C8,R3C9,R3C10,R3C11,R3C12,R3C13,R3C14,R3C15,label_0,label_1,label_2,label_3
1752711889.0175338,0.0,0.0,0.0,0.0,0.0,0.0,0.0,0.0,0.0,0.0,0.0,0.0,0.0,0.0,0.0,0.0,0.0,0.0,0.0,0.0,0.0,0.0,0.0,0.0,0.0,0.0,0.0,0.0,0.0,0.0,0.0,0.0,1497.0,1467.0,1445.0,1419.0,1391.0,1363.0,1331.0,1325.0,1343.0,1330.0,1325.0,1311.0,1311.0,1311.0,1307.0,1284.0,0.0,0.0,0.0,0.0,0.0,0.0,0.0,0.0,0.0,0.0,0.0,0.0,0.0,0.0,0.0,0.0,,,,
1752711889.1477559,0.0,0.0,0.0,0.0,0.0,0.0,0.0,0.0,0.0,0.0,0.0,0.0,0.0,0.0,0.0,0.0,0.0,0.0,0.0,0.0,0.0,0.0,0.0,0.0,0.0,0.0,0.0,203.0,0.0,0.0,0.0,0.0,1509.0,1497.0,1485.0,1493.0,1527.0,1505.0,1485.0,1480.0,1478.0,1469.0,1461.0,1453.0,1439.0,1440.0,1433.0,1420.0,0.0,0.0,0.0,0.0,0.0,0.0,0.0,0.0,0.0,0.0,0.0,0.0,0.0,0.0,0.0,0.0,1.0,1.0,1.0,1.0
1752711889.2406573,0.0,0.0,0.0,0.0,0.0,0.0,0.0,0.0,0.0,0.0,0.0,0.0,0.0,0.0,0.0,0.0,0.0,0.0,0.0,0.0,0.0,0.0,0.0,0.0,0.0,0.0,0.0,0.0,0.0,0.0,0.0,0.0,1403.0,1385.0,1373.0,1372.0,1352.0,1341.0,1325.0,1350.0,1351.0,1337.0,1211.0,1368.0,1275.0,1351.0,1337.0,1341.0,0.0,0.0,0.0,0.0,0.0,0.0,0.0,0.0,0.0,0.0,0.0,0.0,0.0,0.0,0.0,0.0,1.0,1.0,1.0,0.9993976
1752711889.3459277,0.0,0.0,0.0,0.0,0.0,4.0,0.0,0.0,0.0,0.0,0.0,0.0,0.0,0.0,0.0,0.0,0.0,0.0,0.0,0.0,0.0,0.0,0.0,0.0,0.0,0.0,0.0,0.0,0.0,0.0,0.0,0.0,1563.0,1559.0,1529.0,1511.0,1495.0,1493.0,1493.0,1471.0,1455.0,1453.0,1429.0,1405.0,1387.0,1379.0,1363.0,1333.0,0.0,0.0,0.0,0.0,0.0,0.0,20.0,0.0,0.0,0.0,0.0,0.0,0.0,0.0,0.0,0.0,1.0,1.0,1.0,0.9995481
1752711889.4660861,0.0,0.0,0.0,0.0,0.0,0.0,0.0,0.0,0.0,0.0,0.0,0.0,0.0,0.0,0.0,0.0,0.0,0.0,0.0,0.0,0.0,0.0,0.0,0.0,0.0,0.0,0.0,0.0,0.0,0.0,0.0,0.0,1439.0,1451.0,1451.0,1453.0,1443.0,1455.0,1449.0,1459.0,1450.0,1449.0,1453.0,1453.0,1454.0,1463.0,1469.0,1466.0,0.0,0.0,0.0,0.0,0.0,0.0,0.0,0.0,0.0,0.0,0.0,0.0,0.0,0.0,0.0,0.0,1.0,1.0,1.0,0.9998494
1752711889.5731065,0.0,0.0,0.0,0.0,0.0,0.0,0.0,0.0,0.0,0.0,0.0,0.0,0.0,0.0,0.0,0.0,0.0,0.0,0.0,0.0,0.0,0.0,0.0,0.0,0.0,0.0,0.0,0.0,0.0,0.0,0.0,0.0,1496.0,1465.0,1439.0,1419.0,1379.0,1359.0,1337.0,1342.0,1363.0,1357.0,1331.0,1343.0,1331.0,1335.0,1325.0,1311.0,0.0,0.0,0.0,0.0,0.0,0.0,0.0,0.0,0.0,0.0,0.0,0.0,0.0,0.0,0.0,0.0,1.0,1.0,1.0,0.9998494
1752711889.6779404,0.0,0.0,0.0,0.0,0.0,0.0,0.0,0.0,0.0,0.0,0.0,0.0,0.0,0.0,0.0,0.0,0.0,0.0,0.0,0.0,0.0,0.0,0.0,0.0,0.0,0.0,0.0,0.0,0.0,0.0,0.0,0.0,1513.0,1515.0,1511.0,1509.0,1513.0,1515.0,1499.0,1497.0,1495.0,1483.0,1479.0,1469.0,1463.0,1447.0,1461.0,1432.0,0.0,0.0,0.0,0.0,0.0,0.0,0.0,0.0,0.0,0.0,0.0,0.0,0.0,0.0,0.0,0.0,1.0,1.0,1.0,0.9983434
1752711889.789454,0.0,0.0,0.0,0.0,0.0,0.0,0.0,0.0,0.0,0.0,0.0,0.0,0.0,0.0,0.0,0.0,0.0,0.0,0.0,0.0,0.0,0.0,0.0,0.0,0.0,0.0,0.0,0.0,1.0,0.0,0.0,0.0,1395.0,1383.0,1367.0,1363.0,1342.0,1335.0,1323.0,1352.0,1355.0,1375.0,1359.0,1357.0,1352.0,1349.0,1353.0,1359.0,0.0,0.0,0.0,0.0,0.0,0.0,0.0,0.0,0.0,0.0,0.0,0.0,0.0,0.0,0.0,0.0,1.0,1.0,1.0,1.0
1752711889.8964498,0.0,0.0,0.0,0.0,0.0,0.0,0.0,0.0,0.0,0.0,0.0,0.0,0.0,0.0,0.0,0.0,0.0,0.0,0.0,0.0,0.0,0.0,0.0,0.0,0.0,0.0,0.0,0.0,0.0,0.0,0.0,0.0,1563.0,1559.0,1532.0,1544.0,1508.0,1497.0,1519.0,1467.0,1477.0,1443.0,1423.0,1389.0,1381.0,1369.0,1341.0,1316.0,0.0,0.0,0.0,0.0,0.0,0.0,0.0,0.0,0.0,0.0,0.0,0.0,0.0,0.0,0.0,0.0,1.0,1.0,1.0,0.9987951
1752711890.0064266,0.0,0.0,0.0,0.0,0.0,0.0,0.0,0.0,0.0,0.0,0.0,0.0,0.0,0.0,0.0,0.0,0.0,0.0,0.0,0.0,0.0,0.0,0.0,0.0,0.0,0.0,0.0,0.0,0.0,0.0,0.0,0.0,1452.0,1461.0,1453.0,1461.0,1471.0,1463.0,1463.0,1483.0,1465.0,1465.0,1469.0,1480.0,1479.0,1485.0,1479.0,1461.0,0.0,0.0,0.0,0.0,0.0,0.0,0.0,0.0,0.0,0.0,0.0,0.0,0.0,0.0,0.0,0.0,1.0,1.0,1.0,1.0
1752711890.135661,0.0,0.0,0.0,0.0,0.0,0.0,0.0,0.0,0.0,0.0,0.0,0.0,0.0,0.0,0.0,0.0,0.0,0.0,0.0,0.0,0.0,0.0,0.0,0.0,0.0,0.0,0.0,0.0,0.0,0.0,0.0,0.0,1407.0,1385.0,1379.0,1367.0,1352.0,1339.0,1323.0,1336.0,1353.0,1351.0,1355.0,1363.0,1327.0,1373.0,1363.0,1367.0,0.0,0.0,0.0,0.0,0.0,0.0,0.0,0.0,0.0,0.0,0.0,0.0,0.0,0.0,0.0,0.0,0.9997191,1.0,1.0,0.9978915
1752711890.249421,0.0,0.0,0.0,0.0,0.0,0.0,0.0,0.0,0.0,0.0,0.0,0.0,0.0,0.0,0.0,0.0,0.0,0.0,0.0,0.0,0.0,0.0,0.0,0.0,0.0,0.0,0.0,0.0,0.0,0.0,0.0,0.0,1589.0,1573.0,1557.0,1544.0,1527.0,1529.0,1501.0,1495.0,1481.0,1455.0,1431.0,1403.0,1389.0,1379.0,1359.0,1325.0,0.0,0.0,0.0,0.0,0.0,0.0,0.0,0.0,0.0,0.0,0.0,0.0,0.0,0.0,0.0,0.0,1.0,1.0,1.0,0.9986445
1752711890.3565016,0.0,0.0,0.0,0.0,0.0,0.0,0.0,0.0,0.0,0.0,0.0,0.0,0.0,0.0,0.0,0.0,0.0,0.0,0.0,0.0,0.0,0.0,0.0,0.0,0.0,0.0,0.0,0.0,0.0,0.0,0.0,0.0,1415.0,1407.0,1413.0,1419.0,1421.0,1423.0,1427.0,1439.0,1432.0,1497.0,1503.0,1510.0,1483.0,1495.0,1499.0,1491.0,0.0,0.0,0.0,0.0,0.0,0.0,0.0,0.0,0.0,0.0,0.0,0.0,0.0,0.0,0.0,0.0,1.0,1.0,1.0,0.999247
1752711890.4650586,0.0,0.0,0.0,0.0,0.0,0.0,0.0,0.0,0.0,0.0,0.0,0.0,0.0,0.0,0.0,0.0,0.0,0.0,0.0,0.0,0.0,0.0,0.0,0.0,0.0,0.0,0.0,0.0,0.0,0.0,0.0,0.0,1501.0,1467.0,1445.0,1407.0,1379.0,1349.0,1317.0,1327.0,1351.0,1341.0,1339.0,1325.0,1327.0,1319.0,1309.0,1305.0,0.0,0.0,0.0,0.0,0.0,0.0,0.0,0.0,0.0,0.0,0.0,0.0,0.0,0.0,0.0,0.0,1.0,1.0,1.0,0.999247
1752711890.574833,0.0,0.0,0.0,0.0,0.0,0.0,0.0,0.0,0.0,0.0,0.0,0.0,0.0,0.0,0.0,0.0,0.0,0.0,0.0,0.0,0.0,0.0,0.0,0.0,0.0,0.0,0.0,0.0,0.0,0.0,0.0,0.0,1529.0,1525.0,1523.0,1523.0,1541.0,1515.0,1519.0,1512.0,1509.0,1503.0,1491.0,1495.0,1455.0,1463.0,1449.0,1445.0,0.0,0.0,0.0,0.0,0.0,0.0,0.0,0.0,0.0,0.0,0.0,0.0,0.0,0.0,0.0,0.0,1.0,1.0,1.0,0.9990964
1752711890.6866548,0.0,0.0,0.0,0.0,0.0,0.0,0.0,0.0,0.0,0.0,0.0,0.0,0.0,0.0,0.0,0.0,0.0,0.0,0.0,0.0,0.0,0.0,0.0,0.0,37.0,0.0,0.0,0.0,0.0,0.0,0.0,0.0,1377.0,1367.0,1353.0,1337.0,1306.0,1309.0,1303.0,1335.0,1339.0,1339.0,1341.0,1361.0,1337.0,1357.0,1341.0,1349.0,0.0,0.0,0.0,0.0,0.0,0.0,0.0,0.0,0.0,0.0,0.0,0.0,0.0,0.0,0.0,0.0,1.0,1.0,1.0,1.0
1752711890.796506,0.0,0.0,0.0,0.0,0.0,0.0,0.0,0.0,0.0,0.0,0.0,0.0,0.0,0.0,0.0,0.0,0.0,0.0,0.0,0.0,0.0,0.0,0.0,0.0,0.0,0.0,0.0,0.0,0.0,0.0,0.0,0.0,1611.0,1573.0,1571.0,1553.0,1529.0,1501.0,1477.0,1484.0,1491.0,1449.0,1427.0,1395.0,1383.0,1367.0,1341.0,1309.0,0.0,0.0,0.0,1.0,0.0,0.0,0.0,0.0,0.0,0.0,0.0,0.0,0.0,0.0,0.0,0.0,1.0,1.0,1.0,1.0
1752711890.9160416,0.0,0.0,0.0,0.0,0.0,0.0,0.0,0.0,0.0,0.0,0.0,0.0,0.0,0.0,0.0,0.0,0.0,0.0,0.0,0.0,0.0,0.0,0.0,0.0,0.0,0.0,0.0,0.0,0.0,0.0,0.0,0.0,1437.0,1445.0,1451.0,1451.0,1455.0,1462.0,1465.0,1482.0,1467.0,1471.0,1477.0,1481.0,1479.0,1491.0,1495.0,1491.0,0.0,0.0,0.0,0.0,0.0,0.0,0.0,0.0,0.0,0.0,0.0,0.0,0.0,0.0,0.0,0.0,0.9969102,1.0,1.0,0.9993976
1752711891.0183854,0.0,0.0,0.0,0.0,0.0,0.0,0.0,0.0,0.0,0.0,0.0,0.0,0.0,0.0,0.0,0.0,0.0,0.0,0.0,0.0,0.0,0.0,0.0,0.0,0.0,0.0,0.0,0.0,0.0,0.0,0.0,0.0,1491.0,1463.0,1439.0,1405.0,1375.0,1355.0,1331.0,1351.0,1364.0,1355.0,1343.0,1339.0,1331.0,1335.0,1327.0,1311.0,0.0,0.0,0.0,0.0,0.0,0.0,0.0,0.0,0.0,0.0,0.0,0.0,0.0,0.0,0.0,0.0,1.0,1.0,1.0,0.9993976
1752711891.1259584,0.0,0.0,0.0,0.0,0.0,0.0,0.0,0.0,0.0,0.0,0.0,0.0,0.0,0.0,0.0,0.0,0.0,0.0,0.0,0.0,0.0,0.0,0.0,0.0,0.0,0.0,0.0,0.0,0.0,0.0,0.0,0.0,1515.0,1527.0,1529.0,1545.0,1523.0,1525.0,1519.0,1515.0,1507.0,1495.0,1491.0,1480.0,1471.0,1468.0,1465.0,1451.0,0.0,0.0,0.0,0.0,0.0,0.0,0.0,0.0,0.0,0.0,0.0,0.0,0.0,0.0,0.0,0.0,1.0,1.0,1.0,0.9978915
1752711891.2360952,0.0,0.0,0.0,0.0,0.0,0.0,0.0,0.0,0.0,0.0,0.0,0.0,0.0,0.0,0.0,0.0,0.0,0.0,0.0,0.0,0.0,0.0,0.0,0.0,0.0,0.0,0.0,0.0,0.0,0.0,0.0,0.0,1413.0,1395.0,1389.0,1375.0,1357.0,1341.0,1335.0,1371.0,1373.0,1373.0,1373.0,1362.0,1331.0,1365.0,1365.0,1367.0,0.0,0.0,0.0,0.0,0.0,0.0,0.0,0.0,0.0,0.0,0.0,0.0,0.0,0.0,0.0,0.0,1.0,1.0,0.9995615,0.9993976
1752711891.3467772,0.0,0.0,0.0,0.0,0.0,0.0,0.0,0.0,0.0,0.0,0.0,0.0,0.0,0.0,0.0,0.0,0.0,0.0,0.0,0.0,0.0,0.0,0.0,0.0,0.0,0.0,0.0,0.0,0.0,0.0,0.0,0.0,1561.0,1559.0,1497.0,1519.0,1513.0,1484.0,1483.0,1484.0,1463.0,1439.0,1421.0,1395.0,1375.0,1373.0,1361.0,1331.0,0.0,0.0,0.0,0.0,0.0,0.0,0.0,0.0,0.0,0.0,0.0,0.0,0.0,0.0,0.0,0.0,1.0,1.0,1.0,0.9989458
1752711891.462164,0.0,0.0,0.0,0.0,0.0,0.0,0.0,0.0,0.0,0.0,0.0,0.0,0.0,0.0,0.0,0.0,0.0,0.0,0.0,0.0,0.0,0.0,0.0,0.0,0.0,0.0,0.0,0.0,0.0,0.0,0.0,0.0,1461.0,1466.0,1463.0,1465.0,1463.0,1469.0,1467.0,1484.0,1469.0,1479.0,1479.0,1483.0,1486.0,1493.0,1493.0,1489.0,0.0,0.0,0.0,0.0,0.0,0.0,0.0,0.0,0.0,0.0,0.0,0.0,0.0,0.0,0.0,0.0,1.0,1.0,1.0,0.9990964
1752711891.5675116,0.0,0.0,0.0,0.0,0.0,0.0,0.0,0.0,0.0,0.0,0.0,0.0,0.0,0.0,0.0,0.0,0.0,0.0,0.0,0.0,0.0,0.0,0.0,0.0,0.0,0.0,0.0,0.0,0.0,0.0,0.0,0.0,1423.0,1401.0,1381.0,1369.0,1353.0,1337.0,1324.0,1340.0,1337.0,1337.0,1331.0,1333.0,1324.0,1336.0,1333.0,1319.0,0.0,0.0,0.0,0.0,0.0,0.0,0.0,0.0,0.0,0.0,0.0,0.0,0.0,0.0,0.0,0.0,1.0,1.0,1.0,0.9987951
1752711891.6989942,0.0,0.0,0.0,0.0,0.0,0.0,0.0,0.0,0.0,0.0,0.0,0.0,0.0,0.0,0.0,0.0,0.0,0.0,0.0,0.0,6.0,0.0,0.0,0.0,0.0,0.0,0.0,0.0,0.0,0.0,0.0,0.0,1609.0,1583.0,1592.0,1573.0,1547.0,1531.0,1526.0,1493.0,1495.0,1463.0,1439.0,1419.0,1403.0,1390.0,1369.0,1335.0,0.0,0.0,0.0,0.0,0.0,0.0,4.0,0.0,0.0,0.0,0.0,0.0,0.0,0.0,0.0,0.0,0.9997191,1.0,1.0,0.9971385
1752711891.8080416,0.0,0.0,0.0,0.0,0.0,0.0,0.0,0.0,0.0,0.0,0.0,0.0,0.0,0.0,0.0,0.0,0.0,0.0,0.0,0.0,0.0,0.0,0.0,0.0,0.0,0.0,0.0,0.0,0.0,0.0,0.0,0.0,1419.0,1417.0,1421.0,1429.0,1423.0,1425.0,1421.0,1436.0,1431.0,1439.0,1453.0,1455.0,1449.0,1465.0,1463.0,1483.0,0.0,0.0,0.0,0.0,0.0,0.0,0.0,0.0,0.0,0.0,0.0,0.0,0.0,0.0,0.0,0.0,1.0,1.0,1.0,0.9995481
1752711891.9183795,0.0,0.0,0.0,0.0,0.0,0.0,0.0,0.0,0.0,0.0,0.0,0.0,0.0,0.0,0.0,0.0,0.0,0.0,0.0,0.0,0.0,0.0,0.0,0.0,0.0,0.0,0.0,0.0,0.0,0.0,0.0,0.0,1493.0,1455.0,1431.0,1401.0,1373.0,1351.0,1327.0,1337.0,1359.0,1363.0,1340.0,1333.0,1326.0,1333.0,1324.0,1307.0,0.0,0.0,0.0,0.0,0.0,0.0,0.0,0.0,0.0,0.0,0.0,0.0,0.0,0.0,0.0,0.0,1.0,1.0,1.0,0.999247
1752711892.0495622,0.0,0.0,0.0,0.0,0.0,0.0,0.0,0.0,0.0,0.0,0.0,0.0,0.0,0.0,0.0,0.0,0.0,0.0,0.0,0.0,0.0,5.0,0.0,0.0,0.0,0.0,0.0,0.0,0.0,0.0,0.0,3.0,1527.0,1532.0,1531.0,1542.0,1543.0,1555.0,1541.0,1533.0,1531.0,1513.0,1517.0,1513.0,1495.0,1509.0,1493.0,1481.0,0.0,0.0,0.0,0.0,0.0,0.0,0.0,0.0,0.0,0.0,0.0,0.0,0.0,0.0,0.0,0.0,1.0,1.0,1.0,0.999247
1752711892.1415155,0.0,0.0,0.0,0.0,0.0,0.0,0.0,0.0,0.0,0.0,0.0,0.0,0.0,0.0,0.0,0.0,0.0,0.0,0.0,0.0,0.0,0.0,0.0,0.0,0.0,0.0,0.0,0.0,0.0,0.0,0.0,0.0,1403.0,1387.0,1373.0,1371.0,1363.0,1339.0,1335.0,1384.0,1369.0,1387.0,1372.0,1357.0,1369.0,1391.0,1389.0,1388.0,0.0,0.0,0.0,0.0,0.0,0.0,0.0,0.0,0.0,0.0,0.0,0.0,0.0,0.0,0.0,0.0,1.0,1.0,1.0,1.0
1752711892.249431,0.0,0.0,0.0,0.0,0.0,0.0,0.0,0.0,0.0,0.0,0.0,0.0,0.0,0.0,0.0,0.0,0.0,0.0,0.0,0.0,16.0,0.0,0.0,0.0,0.0,0.0,0.0,0.0,0.0,0.0,0.0,0.0,1577.0,1561.0,1543.0,1497.0,1511.0,1496.0,1479.0,1463.0,1454.0,1431.0,1417.0,1398.0,1375.0,1367.0,1349.0,1340.0,0.0,0.0,0.0,0.0,0.0,0.0,0.0,0.0,0.0,0.0,0.0,0.0,0.0,0.0,0.0,0.0,1.0,1.0,1.0,1.0
1752711892.355786,0.0,0.0,0.0,0.0,0.0,0.0,0.0,0.0,0.0,0.0,0.0,0.0,0.0,0.0,0.0,0.0,0.0,0.0,0.0,0.0,0.0,0.0,0.0,0.0,0.0,0.0,0.0,0.0,0.0,0.0,0.0,0.0,1395.0,1397.0,1399.0,1403.0,1401.0,1396.0,1395.0,1413.0,1417.0,1415.0,1421.0,1429.0,1419.0,1434.0,1437.0,1445.0,0.0,0.0,0.0,0.0,0.0,0.0,0.0,0.0,0.0,0.0,0.0,0.0,0.0,0.0,0.0,0.0,1.0,1.0,1.0,0.9998494
1752711892.4663277,0.0,0.0,0.0,0.0,0.0,0.0,0.0,0.0,0.0,0.0,0.0,0.0,0.0,0.0,0.0,0.0,0.0,0.0,0.0,0.0,0.0,0.0,0.0,0.0,0.0,0.0,0.0,0.0,0.0,0.0,0.0,0.0,1463.0,1435.0,1401.0,1379.0,1357.0,1339.0,1333.0,1349.0,1355.0,1349.0,1343.0,1335.0,1350.0,1335.0,1331.0,1289.0,0.0,0.0,0.0,0.0,0.0,0.0,0.0,0.0,0.0,0.0,0.0,0.0,0.0,0.0,0.0,0.0,1.0,1.0,1.0,0.9975904
1752711892.5850182,0.0,0.0,0.0,0.0,0.0,0.0,0.0,0.0,0.0,0.0,0.0,0.0,0.0,0.0,0.0,0.0,0.0,0.0,0.0,20.0,0.0,0.0,0.0,0.0,0.0,0.0,0.0,0.0,0.0,0.0,0.0,0.0,1561.0,1561.0,1557.0,1545.0,1529.0,1541.0,1513.0,1491.0,1489.0,1477.0,1435.0,1451.0,1461.0,1379.0,1431.0,1407.0,0.0,0.0,0.0,0.0,0.0,0.0,0.0,0.0,0.0,0.0,0.0,0.0,0.0,0.0,0.0,0.0,1.0,1.0,1.0,0.999247
1752711892.6860905,0.0,0.0,0.0,0.0,0.0,0.0,0.0,0.0,0.0,0.0,1.0,0.0,0.0,0.0,0.0,0.0,0.0,0.0,0.0,0.0,0.0,0.0,0.0,0.0,0.0,0.0,0.0,0.0,0.0,0.0,0.0,0.0,1417.0,1379.0,1389.0,1387.0,1371.0,1357.0,1357.0,1379.0,1350.0,1369.0,1333.0,1371.0,1365.0,1387.0,1385.0,1383.0,0.0,0.0,0.0,0.0,0.0,0.0,0.0,0.0,0.0,0.0,0.0,0.0,0.0,0.0,0.0,0.0,1.0,1.0,1.0,1.0
1752711892.809916,0.0,0.0,0.0,45.0,0.0,0.0,0.0,0.0,0.0,0.0,0.0,0.0,0.0,0.0,0.0,0.0,0.0,0.0,0.0,0.0,0.0,0.0,0.0,0.0,0.0,0.0,0.0,0.0,0.0,0.0,0.0,0.0,1553.0,1523.0,1511.0,1503.0,1495.0,1479.0,1449.0,1433.0,1429.0,1407.0,1391.0,1364.0,1343.0,1339.0,1331.0,1319.0,0.0,0.0,0.0,0.0,0.0,0.0,0.0,0.0,0.0,0.0,0.0,0.0,0.0,0.0,0.0,0.0,1.0,1.0,1.0,0.9995481
1752711892.9269795,0.0,0.0,0.0,0.0,0.0,0.0,0.0,0.0,0.0,0.0,0.0,0.0,0.0,0.0,0.0,0.0,0.0,0.0,0.0,0.0,0.0,0.0,0.0,0.0,0.0,0.0,0.0,0.0,0.0,0.0,0.0,0.0,1453.0,1449.0,1445.0,1451.0,1439.0,1436.0,1431.0,1455.0,1447.0,1452.0,1453.0,1453.0,1455.0,1465.0,1478.0,1461.0,0.0,0.0,0.0,0.0,0.0,0.0,0.0,0.0,0.0,0.0,0.0,0.0,0.0,0.0,0.0,0.0,1.0,1.0,1.0,1.0
1752711893.0202267,0.0,0.0,0.0,0.0,0.0,0.0,0.0,0.0,0.0,0.0,0.0,0.0,0.0,0.0,0.0,0.0,0.0,0.0,0.0,0.0,0.0,0.0,0.0,0.0,0.0,0.0,0.0,0.0,0.0,0.0,0.0,0.0,1471.0,1443.0,1413.0,1397.0,1381.0,1365.0,1352.0,1367.0,1371.0,1367.0,1355.0,1353.0,1340.0,1353.0,1336.0,1307.0,0.0,0.0,0.0,0.0,0.0,0.0,0.0,0.0,0.0,0.0,0.0,0.0,0.0,0.0,0.0,0.0,1.0,1.0,1.0,0.9995481
1752711893.1266873,0.0,0.0,0.0,0.0,0.0,0.0,0.0,0.0,0.0,0.0,0.0,0.0,0.0,0.0,0.0,0.0,0.0,0.0,0.0,0.0,0.0,0.0,0.0,0.0,0.0,0.0,0.0,0.0,0.0,0.0,0.0,0.0,1529.0,1529.0,1523.0,1509.0,1497.0,1483.0,1468.0,1467.0,1469.0,1450.0,1465.0,1451.0,1431.0,1419.0,1399.0,1379.0,0.0,0.0,0.0,0.0,0.0,0.0,0.0,0.0,0.0,0.0,0.0,0.0,0.0,0.0,0.0,0.0,1.0,1.0,1.0,0.9989458
1752711893.2658916,0.0,0.0,0.0,0.0,0.0,0.0,0.0,0.0,0.0,0.0,0.0,0.0,0.0,0.0,0.0,0.0,0.0,0.0,0.0,0.0,0.0,0.0,0.0,0.0,0.0,0.0,0.0,0.0,0.0,0.0,0.0,0.0,1463.0,1454.0,1449.0,1447.0,1435.0,1433.0,1429.0,1445.0,1433.0,1431.0,1429.0,1431.0,1428.0,1437.0,1447.0,1431.0,0.0,0.0,0.0,0.0,0.0,0.0,0.0,0.0,0.0,0.0,0.0,0.0,0.0,0.0,0.0,0.0,1.0,1.0,1.0,1.0
1752711893.3650298,0.0,0.0,0.0,0.0,0.0,0.0,0.0,0.0,0.0,0.0,0.0,0.0,0.0,0.0,0.0,0.0,0.0,0.0,0.0,0.0,0.0,0.0,0.0,0.0,0.0,0.0,0.0,0.0,0.0,0.0,0.0,0.0,1489.0,1452.0,1437.0,1427.0,1419.0,1404.0,1395.0,1395.0,1397.0,1387.0,1381.0,1371.0,1365.0,1363.0,1353.0,1339.0,0.0,0.0,0.0,0.0,0.0,0.0,0.0,0.0,0.0,0.0,0.0,0.0,0.0,0.0,0.0,0.0,1.0,1.0,1.0,1.0
1752711893.478325,0.0,0.0,0.0,0.0,0.0,0.0,0.0,0.0,0.0,0.0,0.0,0.0,0.0,0.0,0.0,0.0,0.0,0.0,0.0,0.0,0.0,0.0,0.0,0.0,0.0,0.0,0.0,0.0,0.0,0.0,0.0,0.0,1485.0,1483.0,1467.0,1465.0,1463.0,1463.0,1451.0,1449.0,1447.0,1435.0,1431.0,1423.0,1423.0,1417.0,1413.0,1379.0,0.0,0.0,0.0,0.0,0.0,0.0,0.0,0.0,0.0,0.0,0.0,0.0,0.0,0.0,0.0,0.0,0.9969102,1.0,1.0,0.9987951
1752711893.5864348,0.0,0.0,0.0,0.0,0.0,0.0,0.0,0.0,0.0,0.0,0.0,0.0,0.0,0.0,0.0,0.0,0.0,0.0,0.0,0.0,0.0,0.0,0.0,0.0,0.0,0.0,0.0,0.0,0.0,0.0,0.0,0.0,1447.0,1423.0,1415.0,1399.0,1402.0,1386.0,1388.0,1395.0,1399.0,1399.0,1387.0,1384.0,1383.0,1389.0,1387.0,1375.0,0.0,0.0,0.0,0.0,0.0,0.0,0.0,0.0,0.0,0.0,0.0,0.0,0.0,0.0,0.0,0.0,1.0,1.0,0.9986843,1.0
1752711893.7035072,0.0,0.0,0.0,0.0,0.0,0.0,0.0,0.0,0.0,0.0,0.0,0.0,0.0,0.0,0.0,0.0,0.0,0.0,0.0,0.0,0.0,0.0,0.0,0.0,0.0,0.0,0.0,0.0,0.0,0.0,0.0,0.0,1509.0,1479.0,1481.0,1467.0,1455.0,1453.0,1426.0,1418.0,1420.0,1405.0,1395.0,1385.0,1367.0,1367.0,1367.0,1343.0,0.0,0.0,0.0,0.0,0.0,0.0,0.0,0.0,0.0,0.0,0.0,0.0,0.0,0.0,0.0,0.0,1.0,1.0,0.9960526,1.0
1752711893.8048792,0.0,0.0,0.0,0.0,0.0,0.0,0.0,0.0,0.0,0.0,0.0,0.0,0.0,0.0,0.0,0.0,0.0,0.0,0.0,0.0,0.0,0.0,0.0,0.0,0.0,0.0,0.0,0.0,0.0,0.0,0.0,0.0,1438.0,1431.0,1437.0,1421.0,1417.0,1413.0,1421.0,1407.0,1407.0,1403.0,1405.0,1401.0,1399.0,1401.0,1396.0,1398.0,0.0,0.0,0.0,0.0,0.0,0.0,0.0,0.0,0.0,0.0,0.0,0.0,0.0,0.0,0.0,0.0,1.0,1.0,0.9995615,1.0
1752711893.917089,0.0,0.0,0.0,0.0,0.0,0.0,0.0,0.0,0.0,0.0,0.0,0.0,0.0,0.0,0.0,0.0,0.0,0.0,0.0,0.0,0.0,0.0,0.0,0.0,0.0,0.0,0.0,0.0,0.0,0.0,0.0,0.0,1481.0,1445.0,1425.0,1416.0,1401.0,1391.0,1383.0,1384.0,1384.0,1373.0,1374.0,1359.0,1353.0,1351.0,1351.0,1333.0,0.0,0.0,0.0,0.0,0.0,0.0,0.0,0.0,0.0,0.0,0.0,0.0,0.0,0.0,0.0,0.0,0.9988764,1.0,1.0,0.9980421
1752711894.0268362,0.0,0.0,0.0,0.0,0.0,0.0,0.0,0.0,0.0,0.0,0.0,0.0,0.0,0.0,0.0,0.0,0.0,0.0,0.0,0.0,0.0,0.0,0.0,0.0,0.0,0.0,0.0,0.0,0.0,0.0,0.0,0.0,1485.0,1479.0,1477.0,1465.0,1459.0,1459.0,1449.0,1468.0,1445.0,1439.0,1417.0,1413.0,1401.0,1413.0,1392.0,1387.0,0.0,0.0,0.0,0.0,0.0,0.0,0.0,0.0,0.0,0.0,0.0,0.0,0.0,0.0,0.0,0.0,1.0,1.0,1.0,0.9960844
1752711894.1618495,0.0,0.0,0.0,0.0,0.0,0.0,0.0,0.0,0.0,0.0,0.0,0.0,0.0,0.0,0.0,0.0,0.0,0.0,0.0,0.0,0.0,0.0,0.0,0.0,0.0,0.0,0.0,0.0,0.0,0.0,0.0,0.0,1429.0,1407.0,1399.0,1399.0,1382.0,1381.0,1380.0,1387.0,1383.0,1381.0,1381.0,1383.0,1366.0,1373.0,1375.0,1367.0,0.0,0.0,0.0,0.0,0.0,0.0,0.0,0.0,0.0,0.0,0.0,0.0,0.0,0.0,0.0,0.0,0.9974719,1.0,0.9964912,0.9948795
1752711894.245402,0.0,0.0,0.0,0.0,0.0,0.0,0.0,0.0,0.0,0.0,0.0,0.0,0.0,0.0,0.0,0.0,0.0,0.0,0.0,0.0,0.0,0.0,0.0,0.0,0.0,0.0,0.0,0.0,0.0,0.0,0.0,0.0,1515.0,1495.0,1492.0,1483.0,1463.0,1445.0,1455.0,1417.0,1419.0,1417.0,1388.0,1365.0,1369.0,1357.0,1349.0,1333.0,0.0,0.0,0.0,0.0,0.0,0.0,0.0,0.0,0.0,0.0,0.0,0.0,0.0,0.0,0.0,0.0,0.991573,0.9994661,0.9925438,0.9855422
1752711894.3564148,0.0,0.0,0.0,0.0,0.0,0.0,0.0,0.0,0.0,0.0,0.0,0.0,0.0,0.0,0.0,0.0,0.0,0.0,0.0,0.0,0.0,0.0,0.0,0.0,0.0,0.0,0.0,0.0,0.0,0.0,0.0,0.0,1455.0,1445.0,1437.0,1433.0,1413.0,1433.0,1431.0,1429.0,1422.0,1429.0,1415.0,1415.0,1415.0,1419.0,1405.0,1417.0,0.0,0.0,0.0,0.0,0.0,0.0,0.0,0.0,0.0,0.0,0.0,0.0,0.0,0.0,0.0,0.0,1.0,1.0,0.9857456,0.1960843
1752711894.4665804,0.0,0.0,0.0,0.0,0.0,0.0,0.0,0.0,0.0,0.0,0.0,0.0,0.0,0.0,0.0,0.0,0.0,0.0,0.0,0.0,0.0,0.0,0.0,0.0,0.0,0.0,0.0,0.0,0.0,0.0,0.0,0.0,1460.0,1435.0,1417.0,1403.0,1397.0,1381.0,1373.0,1379.0,1383.0,1371.0,1366.0,1355.0,1349.0,1351.0,1341.0,1333.0,0.0,0.0,0.0,0.0,0.0,0.0,0.0,0.0,0.0,0.0,0.0,0.0,0.0,0.0,0.0,0.0,1.0,1.0,0.9991227,0.250753
1752711894.5939069,0.0,0.0,0.0,0.0,0.0,0.0,0.0,0.0,0.0,0.0,0.0,0.0,0.0,0.0,0.0,0.0,0.0,0.0,0.0,0.0,0.0,0.0,0.0,0.0,0.0,0.0,0.0,0.0,0.0,0.0,0.0,0.0,1499.0,1495.0,1492.0,1484.0,1477.0,1469.0,1463.0,1453.0,1453.0,1437.0,1434.0,1421.0,1435.0,1419.0,1381.0,1401.0,0.0,0.0,0.0,0.0,0.0,0.0,0.0,0.0,0.0,0.0,0.0,0.0,0.0,0.0,2.0,0.0,1.0,1.0,1.0,0.2531626
1752711894.688373,0.0,0.0,0.0,0.0,0.0,0.0,0.0,0.0,0.0,0.0,0.0,0.0,0.0,0.0,0.0,0.0,0.0,0.0,0.0,0.0,0.0,0.0,0.0,0.0,0.0,0.0,0.0,0.0,0.0,0.0,0.0,0.0,1449.0,1438.0,1432.0,1431.0,1423.0,1417.0,1407.0,1415.0,1416.0,1413.0,1415.0,1413.0,1405.0,1419.0,1421.0,1407.0,0.0,0.0,0.0,0.0,0.0,0.0,0.0,0.0,0.0,0.0,0.0,0.0,0.0,0.0,0.0,0.0,1.0,1.0,1.0,0.2510541
1752711894.815555,0.0,0.0,0.0,0.0,0.0,0.0,0.0,0.0,0.0,0.0,0.0,0.0,0.0,0.0,0.0,0.0,0.0,0.0,0.0,0.0,0.0,0.0,0.0,0.0,0.0,0.0,0.0,0.0,0.0,0.0,0.0,0.0,1463.0,1447.0,1433.0,1417.0,1415.0,1403.0,1391.0,1391.0,1391.0,1384.0,1381.0,1372.0,1367.0,1363.0,1361.0,1351.0,0.0,0.0,0.0,0.0,0.0,0.0,0.0,0.0,0.0,0.0,0.0,0.0,0.0,0.0,0.0,0.0,1.0,1.0,1.0,0.2426204
1752711894.9259267,0.0,0.0,0.0,0.0,0.0,0.0,0.0,0.0,0.0,0.0,0.0,0.0,0.0,0.0,0.0,0.0,0.0,0.0,0.0,0.0,0.0,0.0,0.0,0.0,0.0,0.0,0.0,0.0,0.0,0.0,0.0,1.0,1515.0,1495.0,1485.0,1483.0,1478.0,1466.0,1467.0,1453.0,1449.0,1439.0,1433.0,1421.0,1432.0,1429.0,1431.0,1391.0,0.0,0.0,0.0,0.0,0.0,0.0,0.0,0.0,0.0,0.0,0.0,0.0,0.0,0.0,0.0,0.0,1.0,1.0,1.0,0.4621988
1752711895.0513437,0.0,0.0,0.0,0.0,0.0,0.0,0.0,0.0,0.0,0.0,0.0,0.0,0.0,0.0,0.0,0.0,0.0,0.0,0.0,0.0,0.0,0.0,0.0,0.0,0.0,0.0,0.0,0.0,0.0,0.0,0.0,0.0,1432.0,1418.0,1405.0,1391.0,1387.0,1383.0,1373.0,1372.0,1371.0,1373.0,1381.0,1379.0,1371.0,1381.0,1371.0,1371.0,0.0,0.0,0.0,0.0,0.0,0.0,0.0,0.0,0.0,0.0,0.0,0.0,0.0,0.0,0.0,0.0,1.0,1.0,1.0,0.9451807
1752711895.1474578,0.0,0.0,0.0,0.0,0.0,0.0,0.0,0.0,0.0,0.0,0.0,0.0,0.0,0.0,0.0,0.0,0.0,0.0,0.0,0.0,0.0,0.0,0.0,0.0,0.0,0.0,0.0,0.0,0.0,0.0,0.0,0.0,1513.0,1383.0,1465.0,1469.0,1451.0,1437.0,1421.0,1405.0,1418.0,1397.0,1387.0,1371.0,1365.0,1355.0,1351.0,1339.0,0.0,0.0,0.0,0.0,0.0,0.0,0.0,0.0,0.0,0.0,0.0,0.0,0.0,0.0,0.0,0.0,1.0,1.0,0.9828947,0.9713856
1752711895.2676072,0.0,0.0,0.0,0.0,0.0,0.0,0.0,0.0,0.0,0.0,0.0,0.0,0.0,0.0,0.0,0.0,0.0,0.0,0.0,0.0,0.0,0.0,0.0,0.0,0.0,0.0,0.0,0.0,0.0,0.0,0.0,0.0,1443.0,1435.0,1421.0,1421.0,1417.0,1415.0,1407.0,1415.0,1407.0,1405.0,1413.0,1399.0,1405.0,1399.0,1399.0,1399.0,0.0,0.0,0.0,0.0,0.0,0.0,0.0,0.0,0.0,0.0,0.0,0.0,0.0,0.0,0.0,0.0,1.0,1.0,0.2388158,1.0
1752711895.367759,0.0,0.0,0.0,0.0,0.0,0.0,0.0,0.0,0.0,0.0,0.0,0.0,0.0,0.0,0.0,0.0,0.0,0.0,0.0,0.0,0.0,0.0,0.0,0.0,0.0,0.0,0.0,0.0,0.0,0.0,0.0,0.0,1447.0,1427.0,1413.0,1403.0,1395.0,1383.0,1371.0,1373.0,1373.0,1371.0,1361.0,1351.0,1340.0,1333.0,1335.0,1323.0,0.0,0.0,0.0,0.0,0.0,0.0,0.0,0.0,0.0,0.0,0.0,0.0,0.0,0.0,0.0,0.0,1.0,1.0,0.0,1.0
1752711895.4786294,0.0,0.0,0.0,0.0,0.0,0.0,0.0,0.0,0.0,0.0,0.0,0.0,0.0,0.0,0.0,0.0,0.0,0.0,0.0,0.0,0.0,0.0,0.0,0.0,4.0,0.0,0.0,0.0,0.0,0.0,0.0,0.0,1497.0,1484.0,1485.0,1465.0,1461.0,1453.0,1445.0,1437.0,1435.0,1427.0,1407.0,1407.0,1417.0,1404.0,1413.0,1385.0,0.0,0.0,0.0,0.0,0.0,0.0,0.0,0.0,0.0,0.0,0.0,0.0,0.0,0.0,6.0,0.0,1.0,1.0,0.0,1.0
1752711895.595794,0.0,0.0,0.0,0.0,0.0,0.0,0.0,0.0,0.0,0.0,0.0,0.0,0.0,0.0,0.0,0.0,0.0,0.0,0.0,0.0,0.0,0.0,0.0,0.0,0.0,0.0,0.0,0.0,0.0,0.0,0.0,0.0,1422.0,1407.0,1399.0,1395.0,1384.0,1387.0,1383.0,1359.0,1367.0,1361.0,1371.0,1367.0,1359.0,1381.0,1367.0,1367.0,0.0,0.0,0.0,0.0,0.0,0.0,0.0,8.0,24.0,0.0,0.0,0.0,0.0,0.0,0.0,0.0,1.0,1.0,0.0,1.0
1752711895.7006643,0.0,0.0,0.0,0.0,0.0,0.0,0.0,0.0,0.0,0.0,0.0,0.0,0.0,0.0,0.0,0.0,0.0,0.0,0.0,0.0,0.0,0.0,0.0,0.0,0.0,0.0,0.0,0.0,0.0,0.0,0.0,0.0,1494.0,1469.0,1449.0,1439.0,1427.0,1413.0,1397.0,1389.0,1395.0,1373.0,1365.0,1359.0,1343.0,1353.0,1343.0,1335.0,0.0,0.0,0.0,0.0,0.0,0.0,0.0,0.0,0.0,0.0,0.0,0.0,0.0,0.0,0.0,0.0,0.9946629,1.0,0.0,1.0
1752711895.815812,0.0,0.0,0.0,0.0,0.0,0.0,0.0,0.0,0.0,0.0,0.0,0.0,0.0,0.0,0.0,0.0,0.0,0.0,0.0,0.0,0.0,0.0,0.0,0.0,0.0,0.0,0.0,0.0,0.0,0.0,0.0,0.0,1445.0,1433.0,1427.0,1419.0,1417.0,1415.0,1413.0,1413.0,1405.0,1403.0,1401.0,1407.0,1395.0,1401.0,1389.0,1399.0,0.0,0.0,0.0,0.0,0.0,0.0,0.0,0.0,0.0,0.0,0.0,0.0,0.0,0.0,0.0,0.0,1.0,0.9813168,0.5160089,0.998494
1752711895.9151013,0.0,0.0,0.0,0.0,0.0,0.0,0.0,0.0,0.0,0.0,0.0,0.0,0.0,0.0,0.0,0.0,0.0,0.0,0.0,0.0,0.0,0.0,0.0,0.0,0.0,0.0,0.0,0.0,0.0,0.0,0.0,0.0,1449.0,1433.0,1419.0,1405.0,1415.0,1385.0,1371.0,1372.0,1375.0,1365.0,1363.0,1352.0,1340.0,1341.0,1337.0,1419.0,0.0,0.0,0.0,0.0,0.0,0.0,0.0,0.0,0.0,0.0,0.0,0.0,0.0,0.0,0.0,0.0,1.0,0.6343417,0.7964911,0.991265
1752711896.0259013,0.0,0.0,0.0,0.0,0.0,0.0,0.0,0.0,0.0,0.0,0.0,0.0,0.0,0.0,0.0,0.0,0.0,0.0,0.0,0.0,0.0,0.0,0.0,0.0,0.0,0.0,0.0,0.0,0.0,1.0,0.0,0.0,1485.0,1483.0,1477.0,1475.0,1465.0,1463.0,1447.0,1437.0,1443.0,1429.0,1401.0,1406.0,1405.0,1421.0,1401.0,1389.0,0.0,0.0,0.0,0.0,0.0,0.0,0.0,0.0,0.0,0.0,0.0,0.0,0.0,0.0,0.0,0.0,1.0,0.02064053,0.7949562,0.9918674
1752711896.1391282,0.0,0.0,0.0,0.0,0.0,0.0,0.0,0.0,0.0,0.0,0.0,0.0,0.0,0.0,0.0,0.0,0.0,0.0,0.0,0.0,0.0,0.0,0.0,0.0,0.0,0.0,0.0,0.0,0.0,0.0,0.0,0.0,1431.0,1417.0,1405.0,1403.0,1384.0,1383.0,1368.0,1381.0,1369.0,1373.0,1367.0,1369.0,1364.0,1370.0,1369.0,1349.0,0.0,0.0,0.0,0.0,0.0,0.0,0.0,0.0,0.0,0.0,0.0,0.0,0.0,0.0,0.0,0.0,1.0,0.0,0.7942981,0.9894579
1752711896.2478855,0.0,0.0,0.0,0.0,0.0,0.0,0.0,0.0,0.0,0.0,0.0,0.0,0.0,0.0,0.0,0.0,0.0,0.0,0.0,0.0,0.0,0.0,0.0,0.0,0.0,0.0,0.0,0.0,0.0,0.0,0.0,0.0,1517.0,1469.0,1485.0,1463.0,1445.0,1431.0,1415.0,1405.0,1406.0,1395.0,1381.0,1368.0,1355.0,1356.0,1343.0,1335.0,0.0,0.0,0.0,0.0,0.0,0.0,0.0,0.0,0.0,0.0,0.0,0.0,0.0,0.0,0.0,0.0,1.0,0.0,0.8072368,0.985994
1752711896.3576093,0.0,0.0,0.0,0.0,0.0,0.0,0.0,0.0,0.0,0.0,0.0,0.0,0.0,0.0,0.0,0.0,0.0,0.0,0.0,0.0,0.0,0.0,0.0,0.0,0.0,0.0,0.0,0.0,0.0,0.0,0.0,0.0,1449.0,1439.0,1430.0,1427.0,1421.0,1421.0,1419.0,1419.0,1419.0,1412.0,1389.0,1407.0,1403.0,1413.0,1414.0,1405.0,0.0,0.0,0.0,0.0,0.0,0.0,0.0,0.0,0.0,0.0,0.0,0.0,0.0,0.0,0.0,0.0,1.0,0.0,0.8508772,0.9908134
1752711896.4727345,0.0,0.0,0.0,0.0,0.0,0.0,0.0,0.0,0.0,0.0,0.0,0.0,0.0,0.0,0.0,0.0,0.0,0.0,0.0,0.0,0.0,0.0,0.0,0.0,0.0,0.0,0.0,0.0,0.0,0.0,0.0,0.0,1447.0,1435.0,1421.0,1413.0,1393.0,1375.0,1380.0,1380.0,1375.0,1367.0,1365.0,1357.0,1343.0,1357.0,1351.0,1339.0,0.0,0.0,0.0,0.0,0.0,0.0,0.0,0.0,0.0,0.0,0.0,0.0,0.0,0.0,0.0,0.0,1.0,0.0005338946,0.8866229,0.9903614
1752711896.58939,0.0,0.0,0.0,0.0,0.0,0.0,0.0,0.0,0.0,0.0,0.0,0.0,0.0,0.0,0.0,0.0,0.0,0.0,0.0,0.0,0.0,0.0,0.0,0.0,0.0,0.0,0.0,0.0,0.0,0.0,0.0,0.0,1503.0,1493.0,1484.0,1479.0,1469.0,1463.0,1453.0,1453.0,1439.0,1429.0,1393.0,1421.0,1405.0,1413.0,1401.0,1379.0,0.0,0.0,0.0,0.0,0.0,0.0,0.0,0.0,0.0,0.0,0.0,0.0,0.0,0.0,0.0,0.0,0.9345504,0.9145907,0.9199561,0.9838856
1752711896.6931562,0.0,0.0,0.0,0.0,0.0,0.0,0.0,0.0,0.0,0.0,0.0,0.0,0.0,0.0,0.0,0.0,0.0,0.0,0.0,0.0,0.0,0.0,0.0,0.0,0.0,0.0,0.0,0.0,0.0,0.0,0.0,0.0,1435.0,1421.0,1415.0,1405.0,1399.0,1385.0,1379.0,1383.0,1383.0,1379.0,1381.0,1383.0,1379.0,1383.0,1375.0,1369.0,0.0,0.0,0.0,0.0,0.0,0.0,0.0,0.0,0.0,0.0,0.0,0.0,0.0,0.0,0.0,0.0,0.5202246,0.9117438,0.9414474,0.9903614
1752711896.8011565,3.0,0.0,0.0,0.0,0.0,0.0,0.0,0.0,0.0,0.0,0.0,0.0,0.0,0.0,0.0,0.0,0.0,0.0,0.0,0.0,0.0,0.0,0.0,0.0,0.0,0.0,0.0,0.0,0.0,0.0,0.0,0.0,1515.0,1499.0,1481.0,1467.0,1429.0,1415.0,1391.0,1385.0,1395.0,1380.0,1385.0,1371.0,1365.0,1350.0,1351.0,1339.0,0.0,0.0,0.0,0.0,0.0,0.0,0.0,0.0,0.0,0.0,0.0,0.0,0.0,0.0,0.0,0.0,0.1665732,0.8451957,0.9638158,0.9986445
1752711896.907136,0.0,0.0,0.0,0.0,0.0,0.0,0.0,0.0,0.0,0.0,0.0,0.0,0.0,0.0,0.0,0.0,0.0,0.0,0.0,0.0,0.0,0.0,0.0,0.0,0.0,0.0,0.0,0.0,0.0,0.0,0.0,0.0,1451.0,1439.0,1435.0,1431.0,1417.0,1425.0,1421.0,1421.0,1421.0,1417.0,1429.0,1415.0,1407.0,1447.0,1405.0,1403.0,0.0,0.0,0.0,0.0,0.0,0.0,0.0,0.0,0.0,0.0,0.0,0.0,0.0,0.0,0.0,0.0,0.1789324,0.8446618,0.9666668,0.998494
1752711897.0184376,0.0,0.0,0.0,0.0,0.0,0.0,0.0,0.0,0.0,0.0,0.0,0.0,0.0,0.0,0.0,0.0,0.0,0.0,0.0,0.0,0.0,0.0,0.0,0.0,0.0,0.0,0.0,0.0,0.0,0.0,0.0,0.0,1453.0,1439.0,1421.0,1411.0,1389.0,1371.0,1358.0,1379.0,1381.0,1373.0,1373.0,1364.0,1361.0,1361.0,1355.0,1309.0,0.0,0.0,0.0,0.0,0.0,0.0,0.0,0.0,0.0,0.0,0.0,0.0,0.0,0.0,0.0,0.0,0.1800561,0.8907473,0.9732457,0.998494
1752711897.146695,0.0,0.0,0.0,0.0,0.0,0.0,0.0,0.0,0.0,0.0,0.0,0.0,0.0,0.0,0.0,0.0,0.0,0.0,0.0,0.0,0.0,0.0,0.0,0.0,0.0,0.0,0.0,0.0,0.0,0.0,0.0,0.0,1547.0,1519.0,1497.0,1477.0,1461.0,1447.0,1461.0,1427.0,1421.0,1415.0,1389.0,1387.0,1375.0,1379.0,1373.0,1369.0,0.0,0.0,0.0,0.0,0.0,0.0,0.0,0.0,0.0,0.0,0.0,0.0,0.0,0.0,0.0,0.0,0.1839888,0.9039145,0.9883771,0.9980421
1752711897.2582374,0.0,0.0,0.0,0.0,0.0,0.0,0.0,0.0,0.0,0.0,0.0,0.0,0.0,0.0,0.0,0.0,0.0,0.0,0.0,0.0,0.0,0.0,0.0,0.0,0.0,0.0,0.0,0.0,0.0,0.0,0.0,0.0,1461.0,1447.0,1437.0,1435.0,1435.0,1431.0,1428.0,1447.0,1429.0,1423.0,1421.0,1419.0,1417.0,1419.0,1420.0,1446.0,0.0,0.0,0.0,0.0,0.0,0.0,0.0,0.0,0.0,0.0,0.0,0.0,0.0,0.0,0.0,0.0,0.6769663,0.7861211,1.0,0.9896084
1752711897.367239,0.0,0.0,0.0,0.0,0.0,0.0,0.0,0.0,0.0,0.0,0.0,0.0,0.0,0.0,0.0,0.0,0.0,0.0,0.0,0.0,0.0,0.0,0.0,0.0,0.0,0.0,0.0,0.0,0.0,0.0,0.0,0.0,1461.0,1449.0,1435.0,1419.0,1401.0,1397.0,1389.0,1391.0,1395.0,1381.0,1375.0,1369.0,1363.0,1361.0,1357.0,1349.0,0.0,0.0,0.0,0.0,0.0,0.0,0.0,0.0,0.0,0.0,0.0,0.0,0.0,0.0,0.0,0.0,0.8679775,0.5101423,0.9964912,0.9801206
1752711897.474906,0.0,0.0,0.0,0.0,0.0,0.0,0.0,0.0,0.0,0.0,0.0,0.0,0.0,0.0,0.0,0.0,0.0,0.0,0.0,0.0,0.0,0.0,0.0,0.0,0.0,0.0,0.0,0.0,0.0,0.0,0.0,0.0,1499.0,1497.0,1485.0,1485.0,1477.0,1469.0,1455.0,1447.0,1451.0,1449.0,1433.0,1427.0,1423.0,1429.0,1403.0,1391.0,0.0,0.0,0.0,0.0,0.0,0.0,0.0,0.0,0.0,0.0,0.0,0.0,0.0,0.0,0.0,0.0,0.9025282,0.2814946,0.960307,0.9814758
1752711897.58636,0.0,0.0,0.0,0.0,0.0,0.0,0.0,0.0,0.0,0.0,0.0,0.0,0.0,0.0,0.0,0.0,0.0,0.0,0.0,0.0,10.0,0.0,0.0,0.0,0.0,0.0,0.0,0.0,0.0,0.0,0.0,0.0,1445.0,1429.0,1427.0,1413.0,1405.0,1397.0,1401.0,1387.0,1394.0,1387.0,1389.0,1389.0,1375.0,1389.0,1383.0,1379.0,0.0,0.0,0.0,0.0,0.0,0.0,0.0,0.0,0.0,0.0,0.0,0.0,0.0,0.0,0.0,0.0,0.9235956,0.1268684,0.8953949,0.9829819
1752711897.7126307,0.0,0.0,0.0,0.0,0.0,0.0,0.0,0.0,0.0,0.0,0.0,0.0,0.0,0.0,0.0,0.0,0.0,0.0,0.0,0.0,0.0,0.0,0.0,0.0,0.0,0.0,0.0,0.0,0.0,0.0,0.0,0.0,1517.0,1502.0,1485.0,1471.0,1455.0,1439.0,1427.0,1421.0,1421.0,1399.0,1391.0,1375.0,1371.0,1371.0,1369.0,1352.0,0.0,0.0,0.0,0.0,0.0,0.0,0.0,0.0,0.0,0.0,0.0,0.0,0.0,0.0,0.0,0.0,0.9311798,0.09875445,0.435307,0.9959338
1752711897.8063195,0.0,0.0,0.0,0.0,0.0,0.0,0.0,0.0,0.0,0.0,0.0,0.0,0.0,0.0,0.0,0.0,0.0,0.0,0.0,0.0,0.0,0.0,0.0,0.0,0.0,0.0,0.0,0.0,0.0,0.0,0.0,0.0,1460.0,1450.0,1445.0,1439.0,1433.0,1431.0,1433.0,1429.0,1432.0,1427.0,1431.0,1419.0,1419.0,1429.0,1425.0,1417.0,0.0,0.0,0.0,0.0,0.0,0.0,0.0,0.0,0.0,0.0,0.0,0.0,0.0,0.0,0.0,0.0,0.9370786,0.07224195,0.0,0.9933735
1752711897.9163833,0.0,0.0,0.0,0.0,0.0,0.0,0.0,0.0,0.0,0.0,0.0,0.0,0.0,0.0,0.0,0.0,0.0,0.0,0.0,0.0,0.0,0.0,0.0,0.0,0.0,0.0,0.0,0.0,0.0,0.0,0.0,0.0,1455.0,1443.0,1433.0,1425.0,1407.0,1397.0,1385.0,1389.0,1389.0,1380.0,1373.0,1355.0,1359.0,1363.0,1377.0,1353.0,0.0,0.0,0.0,0.0,0.0,0.0,0.0,0.0,0.0,0.0,0.0,0.0,0.0,0.0,0.0,0.0,0.9370786,0.03790045,0.0,0.69247
1752711898.0471966,0.0,0.0,0.0,0.0,0.0,0.0,0.0,0.0,0.0,0.0,0.0,0.0,0.0,0.0,0.0,0.0,0.0,0.0,0.0,0.0,0.0,0.0,0.0,2.0,0.0,0.0,0.0,0.0,0.0,0.0,0.0,0.0,1524.0,1511.0,1497.0,1494.0,1487.0,1465.0,1447.0,1501.0,1449.0,1389.0,1427.0,1396.0,1391.0,1401.0,1389.0,1369.0,0.0,0.0,0.0,0.0,0.0,0.0,0.0,0.0,0.0,0.0,0.0,0.0,0.0,0.0,0.0,0.0,0.9165731,0.04590756,0.0,0.001054143
1752711898.138385,0.0,0.0,0.0,0.0,0.0,0.0,0.0,0.0,0.0,0.0,0.0,0.0,0.0,0.0,0.0,0.0,0.0,0.0,0.0,0.0,0.0,8.0,0.0,0.0,0.0,0.0,0.0,0.0,0.0,0.0,0.0,0.0,1436.0,1430.0,1416.0,1403.0,1395.0,1386.0,1369.0,1387.0,1389.0,1379.0,1385.0,1383.0,1369.0,1383.0,1373.0,1367.0,0.0,0.0,0.0,0.0,0.0,0.0,0.0,0.0,0.0,0.0,0.0,0.0,0.0,0.0,0.0,0.0,0.1946631,0.0,0.0,0.0
1752711898.2461228,3.0,0.0,0.0,0.0,0.0,0.0,0.0,0.0,0.0,0.0,0.0,0.0,0.0,0.0,0.0,0.0,0.0,0.0,0.0,0.0,0.0,0.0,0.0,0.0,0.0,0.0,0.0,0.0,0.0,0.0,0.0,0.0,1545.0,1495.0,1477.0,1459.0,1439.0,1427.0,1421.0,1403.0,1425.0,1399.0,1379.0,1367.0,1359.0,1357.0,1349.0,1336.0,0.0,0.0,0.0,0.0,0.0,0.0,0.0,0.0,0.0,0.0,0.0,0.0,0.0,0.0,0.0,0.0,0.1477528,0.0,0.0,0.0
1752711898.35798,0.0,0.0,0.0,0.0,0.0,0.0,0.0,0.0,0.0,0.0,0.0,0.0,0.0,0.0,0.0,0.0,0.0,0.0,0.0,0.0,0.0,0.0,0.0,0.0,0.0,0.0,0.0,0.0,0.0,0.0,0.0,0.0,1453.0,1445.0,1440.0,1449.0,1427.0,1431.0,1425.0,1431.0,1429.0,1419.0,1416.0,1399.0,1405.0,1415.0,1405.0,1405.0,0.0,0.0,0.0,0.0,0.0,0.0,0.0,0.0,0.0,0.0,0.0,0.0,0.0,0.0,0.0,0.0,0.1339886,0.0,0.0,0.0
1752711898.4724376,0.0,0.0,0.0,0.0,0.0,0.0,0.0,0.0,0.0,0.0,0.0,0.0,0.0,0.0,0.0,0.0,0.0,0.0,0.0,0.0,0.0,0.0,0.0,0.0,0.0,0.0,0.0,0.0,0.0,0.0,0.0,0.0,1455.0,1445.0,1431.0,1421.0,1407.0,1397.0,1387.0,1385.0,1397.0,1373.0,1367.0,1361.0,1355.0,1362.0,1353.0,1339.0,0.0,0.0,0.0,0.0,0.0,0.0,0.0,0.0,0.0,0.0,0.0,0.0,0.0,0.0,0.0,0.0,0.1303371,0.0,0.0,0.0
1752711898.5778148,0.0,0.0,0.0,0.0,0.0,0.0,0.0,0.0,0.0,0.0,0.0,0.0,0.0,0.0,0.0,0.0,0.0,0.0,0.0,0.0,0.0,0.0,0.0,0.0,0.0,0.0,0.0,0.0,0.0,0.0,0.0,0.0,1507.0,1495.0,1485.0,1477.0,1459.0,1401.0,1451.0,1445.0,1437.0,1417.0,1407.0,1391.0,1387.0,1389.0,1373.0,1359.0,0.0,0.0,0.0,0.0,0.0,0.0,0.0,25.0,0.0,0.0,0.0,0.0,0.0,0.0,0.0,0.0,0.1567417,0.0,0.0,0.0
1752711898.7150617,0.0,0.0,0.0,0.0,0.0,0.0,0.0,0.0,0.0,0.0,0.0,0.0,0.0,0.0,0.0,0.0,0.0,0.0,0.0,0.0,0.0,0.0,0.0,0.0,0.0,0.0,0.0,0.0,0.0,0.0,0.0,0.0,1464.0,1450.0,1445.0,1447.0,1443.0,1439.0,1426.0,1439.0,1439.0,1445.0,1432.0,1433.0,1431.0,1433.0,1431.0,1421.0,0.0,0.0,0.0,0.0,0.0,0.0,0.0,0.0,0.0,0.0,0.0,0.0,0.0,0.0,0.0,0.0,0.1688202,0.0,0.0,0.0
1752711898.8171208,0.0,0.0,0.0,0.0,0.0,0.0,0.0,0.0,0.0,0.0,0.0,0.0,0.0,0.0,0.0,0.0,0.0,0.0,0.0,0.0,0.0,0.0,0.0,0.0,0.0,0.0,0.0,0.0,0.0,0.0,0.0,0.0,1455.0,1449.0,1443.0,1419.0,1419.0,1401.0,1397.0,1391.0,1391.0,1384.0,1395.0,1373.0,1363.0,1371.0,1389.0,1353.0,0.0,0.0,0.0,0.0,0.0,0.0,0.0,0.0,0.0,0.0,0.0,0.0,0.0,0.0,0.0,0.0,0.6735957,0.08469746,0.0,0.0
1752711898.9329662,0.0,0.0,0.0,0.0,0.0,0.0,0.0,0.0,0.0,0.0,0.0,0.0,0.0,0.0,0.0,0.0,0.0,0.0,0.0,0.0,0.0,0.0,0.0,0.0,0.0,0.0,0.0,0.0,0.0,0.0,0.0,0.0,1505.0,1495.0,1485.0,1467.0,1470.0,1464.0,1449.0,1448.0,1448.0,1423.0,1415.0,1401.0,1396.0,1390.0,1381.0,1365.0,0.0,0.0,0.0,0.0,0.0,0.0,0.0,0.0,0.0,0.0,0.0,0.0,0.0,0.0,0.0,0.0,0.8657302,0.830427,0.7144738,0.5620481
1752711899.0350215,0.0,0.0,0.0,0.0,0.0,0.0,0.0,0.0,0.0,0.0,0.0,0.0,0.0,0.0,0.0,0.0,0.0,0.0,0.0,0.0,0.0,0.0,0.0,0.0,0.0,0.0,0.0,0.0,0.0,0.0,0.0,0.0,1437.0,1419.0,1405.0,1413.0,1352.0,1387.0,1374.0,1385.0,1387.0,1384.0,1383.0,1379.0,1363.0,1379.0,1375.0,1371.0,0.0,0.0,0.0,0.0,0.0,0.0,0.0,0.0,0.0,0.0,0.0,0.0,0.0,0.0,0.0,0.0,0.9691011,0.9779359,0.9605263,0.9073795
1752711899.1526377,0.0,0.0,0.0,0.0,0.0,0.0,0.0,0.0,0.0,0.0,0.0,0.0,0.0,0.0,0.0,0.0,0.0,0.0,0.0,0.0,0.0,0.0,0.0,0.0,0.0,0.0,0.0,0.0,0.0,0.0,0.0,0.0,1508.0,1483.0,1467.0,1451.0,1436.0,1419.0,1413.0,1403.0,1407.0,1396.0,1387.0,1369.0,1365.0,1367.0,1359.0,1342.0,0.0,0.0,0.0,0.0,0.0,0.0,0.0,0.0,0.0,0.0,0.0,0.0,0.0,0.0,0.0,0.0,0.9963482,1.0,1.0,0.9936748
1752711899.2570815,0.0,0.0,0.0,0.0,0.0,0.0,0.0,0.0,0.0,0.0,0.0,0.0,0.0,0.0,0.0,0.0,0.0,0.0,0.0,0.0,0.0,0.0,0.0,0.0,0.0,0.0,0.0,0.0,0.0,0.0,0.0,0.0,1453.0,1443.0,1437.0,1436.0,1433.0,1429.0,1427.0,1429.0,1427.0,1427.0,1427.0,1423.0,1417.0,1421.0,1419.0,1406.0,0.0,0.0,0.0,0.0,0.0,0.0,0.0,0.0,0.0,0.0,0.0,0.0,0.0,0.0,0.0,0.0,0.9997191,1.0,1.0,0.9914158
1752711899.3701365,0.0,0.0,0.0,0.0,0.0,0.0,0.0,0.0,0.0,0.0,0.0,0.0,0.0,0.0,0.0,0.0,0.0,0.0,0.0,0.0,0.0,0.0,0.0,0.0,0.0,0.0,0.0,0.0,0.0,0.0,0.0,0.0,1449.0,1445.0,1431.0,1415.0,1407.0,1397.0,1387.0,1385.0,1385.0,1375.0,1367.0,1363.0,1361.0,1359.0,1349.0,1355.0,0.0,0.0,0.0,0.0,0.0,0.0,0.0,0.0,0.0,0.0,0.0,0.0,0.0,0.0,0.0,0.0,1.0,0.9996442,1.0,0.9893073
1752711899.4777253,0.0,0.0,0.0,0.0,0.0,0.0,0.0,0.0,0.0,0.0,0.0,0.0,0.0,0.0,0.0,0.0,0.0,0.0,0.0,0.0,0.0,0.0,0.0,0.0,0.0,0.0,0.0,0.0,0.0,0.0,0.0,0.0,1511.0,1497.0,1481.0,1467.0,1479.0,1455.0,1451.0,1439.0,1429.0,1427.0,1416.0,1397.0,1385.0,1385.0,1368.0,1357.0,0.0,0.0,0.0,0.0,0.0,0.0,0.0,0.0,0.0,0.0,0.0,0.0,0.0,0.0,0.0,0.0,0.9814608,0.9256227,0.8780703,0.8730421
1752711899.585044,0.0,0.0,0.0,0.0,0.0,0.0,0.0,0.0,0.0,0.0,0.0,0.0,0.0,0.0,0.0,0.0,0.0,0.0,0.0,0.0,0.0,0.0,0.0,0.0,0.0,0.0,0.0,0.0,0.0,0.0,0.0,0.0,1435.0,1403.0,1417.0,1400.0,1397.0,1391.0,1379.0,1387.0,1387.0,1383.0,1384.0,1381.0,1372.0,1380.0,1379.0,1375.0,0.0,0.0,20.0,0.0,0.0,0.0,0.0,0.0,0.0,0.0,0.0,0.0,0.0,0.0,0.0,0.0,0.7957867,0.7866548,0.6307017,0.6228915
1752711899.6995606,0.0,0.0,0.0,0.0,0.0,0.0,0.0,0.0,0.0,0.0,0.0,0.0,0.0,0.0,0.0,0.0,0.0,0.0,0.0,0.0,0.0,0.0,0.0,0.0,0.0,0.0,0.0,0.0,0.0,0.0,0.0,0.0,1513.0,1483.0,1463.0,1449.0,1438.0,1427.0,1416.0,1403.0,1403.0,1389.0,1381.0,1373.0,1371.0,1367.0,1359.0,1343.0,0.0,0.0,0.0,0.0,0.0,0.0,0.0,0.0,0.0,0.0,0.0,0.0,0.0,0.0,0.0,0.0,0.4831461,0.5007118,0.1776316,0.03418667
1752711899.8071852,0.0,0.0,0.0,0.0,0.0,0.0,0.0,0.0,0.0,0.0,0.0,0.0,0.0,0.0,0.0,0.0,0.0,0.0,0.0,0.0,0.0,0.0,0.0,0.0,0.0,0.0,0.0,0.0,0.0,0.0,0.0,0.0,1453.0,1445.0,1443.0,1439.0,1437.0,1431.0,1429.0,1429.0,1437.0,1425.0,1423.0,1419.0,1421.0,1427.0,1425.0,1405.0,0.0,0.0,0.0,0.0,0.0,0.0,0.0,0.0,0.0,0.0,0.0,0.0,0.0,0.0,0.0,0.0,0.3278089,0.2670818,0.0,0.0
1752711899.9174595,0.0,0.0,0.0,0.0,0.0,0.0,0.0,0.0,0.0,0.0,0.0,0.0,0.0,0.0,0.0,3.0,0.0,0.0,0.0,0.0,0.0,0.0,0.0,0.0,0.0,0.0,0.0,0.0,0.0,0.0,0.0,0.0,1455.0,1444.0,1431.0,1419.0,1403.0,1395.0,1383.0,1373.0,1383.0,1373.0,1371.0,1367.0,1357.0,1354.0,1357.0,1343.0,0.0,0.0,0.0,0.0,0.0,0.0,0.0,0.0,0.0,0.0,0.0,0.0,0.0,0.0,0.0,0.0,0.3401685,0.2661922,0.0,0.0
1752711900.026444,0.0,0.0,0.0,0.0,0.0,1.0,0.0,0.0,0.0,0.0,0.0,0.0,0.0,0.0,0.0,0.0,0.0,0.0,0.0,0.0,0.0,0.0,0.0,0.0,0.0,0.0,0.0,0.0,0.0,0.0,0.0,0.0,1501.0,1495.0,1479.0,1480.0,1465.0,1435.0,1447.0,1435.0,1429.0,1415.0,1405.0,1395.0,1386.0,1383.0,1373.0,1355.0,0.0,0.0,0.0,0.0,0.0,0.0,0.0,0.0,0.0,0.0,0.0,0.0,0.0,0.0,0.0,0.0,0.3429775,0.2459074,0.0,0.0
1752711900.1459677,0.0,0.0,0.0,0.0,0.0,0.0,0.0,0.0,0.0,0.0,0.0,0.0,0.0,0.0,0.0,0.0,0.0,0.0,0.0,0.0,0.0,0.0,0.0,0.0,0.0,0.0,0.0,0.0,0.0,0.0,0.0,0.0,1419.0,1417.0,1405.0,1405.0,1399.0,1397.0,1385.0,1391.0,1391.0,1389.0,1391.0,1389.0,1385.0,1385.0,1387.0,1389.0,0.0,0.0,0.0,0.0,0.0,0.0,0.0,0.0,0.0,0.0,0.0,0.0,0.0,0.0,0.0,0.0,0.3123594,0.2411032,0.0,0.0
1752711900.2675788,0.0,0.0,0.0,0.0,0.0,0.0,0.0,0.0,0.0,0.0,0.0,0.0,0.0,0.0,0.0,0.0,0.0,0.0,0.0,0.0,0.0,0.0,0.0,0.0,0.0,0.0,0.0,0.0,0.0,0.0,0.0,0.0,1456.0,1440.0,1433.0,1421.0,1407.0,1399.0,1389.0,1387.0,1389.0,1379.0,1353.0,1379.0,1356.0,1349.0,1349.0,1340.0,0.0,0.0,0.0,0.0,0.0,0.0,0.0,0.0,0.0,0.0,0.0,0.0,0.0,0.0,0.0,0.0,0.3171349,0.1708185,0.0,0.0
1752711900.3766267,0.0,0.0,0.0,0.0,0.0,0.0,0.0,0.0,0.0,0.0,0.0,0.0,0.0,0.0,0.0,0.0,0.0,0.0,0.0,0.0,0.0,0.0,0.0,0.0,0.0,0.0,0.0,0.0,0.0,0.0,0.0,0.0,1499.0,1491.0,1487.0,1479.0,1465.0,1455.0,1457.0,1449.0,1445.0,1437.0,1431.0,1423.0,1407.0,1403.0,1399.0,1379.0,0.0,0.0,0.0,0.0,0.0,0.0,0.0,0.0,0.0,0.0,0.0,0.0,0.0,0.0,0.0,0.0,0.1073032,0.09768688,0.0,0.0
1752711900.4859917,0.0,0.0,0.0,0.0,0.0,0.0,0.0,0.0,0.0,0.0,0.0,0.0,0.0,0.0,0.0,0.0,0.0,0.0,0.0,0.0,0.0,0.0,0.0,0.0,0.0,0.0,0.0,0.0,0.0,0.0,0.0,0.0,1435.0,1425.0,1433.0,1389.0,1397.0,1395.0,1379.0,1397.0,1391.0,1389.0,1389.0,1381.0,1381.0,1381.0,1379.0,1381.0,0.0,0.0,0.0,0.0,0.0,0.0,0.0,0.0,0.0,0.0,0.0,0.0,0.0,0.0,0.0,0.0,0.1140449,0.08024906,0.0,0.0
1752711900.5968025,0.0,0.0,0.0,0.0,0.0,0.0,0.0,0.0,0.0,0.0,0.0,0.0,0.0,0.0,0.0,0.0,0.0,0.0,0.0,0.0,0.0,0.0,0.0,0.0,0.0,0.0,0.0,0.0,0.0,0.0,0.0,0.0,1496.0,1480.0,1465.0,1455.0,1447.0,1433.0,1417.0,1407.0,1405.0,1395.0,1389.0,1381.0,1383.0,1367.0,1359.0,1351.0,0.0,0.0,0.0,0.0,0.0,0.0,0.0,0.0,0.0,0.0,0.0,0.0,0.0,0.0,0.0,0.0,0.1151685,0.08327412,0.0,0.0
1752711900.707347,0.0,0.0,0.0,0.0,0.0,0.0,0.0,0.0,0.0,0.0,0.0,0.0,0.0,0.0,0.0,0.0,0.0,0.0,0.0,0.0,0.0,0.0,0.0,0.0,0.0,0.0,0.0,0.0,0.0,0.0,0.0,0.0,1449.0,1443.0,1439.0,1435.0,1429.0,1435.0,1425.0,1425.0,1427.0,1421.0,1417.0,1415.0,1413.0,1391.0,1419.0,1397.0,0.0,0.0,0.0,0.0,0.0,0.0,0.0,0.0,0.0,0.0,0.0,0.0,0.0,0.0,0.0,0.0,0.1199437,0.08523136,0.0,0.0
1752711900.8190632,0.0,0.0,0.0,0.0,0.0,0.0,0.0,0.0,0.0,0.0,0.0,0.0,0.0,0.0,0.0,0.0,0.0,0.0,0.0,0.0,0.0,0.0,0.0,0.0,0.0,0.0,0.0,0.0,0.0,0.0,0.0,0.0,1459.0,1440.0,1429.0,1427.0,1413.0,1390.0,1397.0,1391.0,1389.0,1381.0,1373.0,1367.0,1361.0,1367.0,1333.0,1437.0,0.0,0.0,0.0,0.0,0.0,0.0,0.0,0.0,0.0,0.0,0.0,0.0,0.0,0.0,0.0,0.0,0.1207865,0.08629893,0.0,0.0
1752711900.9462285,0.0,0.0,0.0,0.0,0.0,0.0,0.0,0.0,0.0,0.0,2.0,0.0,0.0,0.0,0.0,0.0,0.0,0.0,0.0,0.0,0.0,0.0,0.0,0.0,0.0,0.0,0.0,0.0,0.0,0.0,0.0,0.0,1495.0,1489.0,1479.0,1467.0,1462.0,1407.0,1415.0,1447.0,1435.0,1439.0,1419.0,1417.0,1401.0,1399.0,1383.0,1373.0,0.0,0.0,0.0,0.0,0.0,0.0,0.0,0.0,0.0,0.0,0.0,0.0,0.0,0.0,0.0,0.0,0.1132024,0.08807829,0.0,0.0
1752711901.036082,0.0,0.0,0.0,0.0,0.0,0.0,0.0,0.0,0.0,0.0,0.0,0.0,0.0,0.0,0.0,0.0,0.0,0.0,0.0,0.0,0.0,0.0,0.0,0.0,0.0,0.0,0.0,0.0,0.0,0.0,0.0,0.0,1438.0,1429.0,1385.0,1407.0,1367.0,1391.0,1389.0,1395.0,1397.0,1387.0,1389.0,1387.0,1381.0,1383.0,1385.0,1379.0,0.0,0.0,0.0,0.0,0.0,0.0,0.0,0.0,0.0,0.0,0.0,0.0,0.0,0.0,0.0,0.0,0.1199437,0.09056944,0.0,0.0
1752711901.1496942,0.0,0.0,0.0,0.0,0.0,0.0,0.0,0.0,0.0,0.0,0.0,0.0,0.0,0.0,0.0,0.0,0.0,0.0,0.0,0.0,0.0,0.0,0.0,0.0,0.0,0.0,0.0,0.0,0.0,0.0,0.0,0.0,1483.0,1465.0,1451.0,1433.0,1421.0,1413.0,1397.0,1399.0,1397.0,1385.0,1384.0,1367.0,1363.0,1355.0,1351.0,1341.0,0.0,0.0,0.0,0.0,0.0,0.0,0.0,0.0,0.0,0.0,0.0,0.0,0.0,0.0,0.0,0.0,0.116573,0.09323848,0.0,0.0
1752711901.259448,0.0,0.0,0.0,0.0,0.0,0.0,0.0,0.0,0.0,0.0,0.0,0.0,0.0,0.0,0.0,0.0,0.0,0.0,0.0,0.0,0.0,0.0,0.0,0.0,0.0,0.0,0.0,0.0,0.0,0.0,0.0,0.0,1463.0,1451.0,1447.0,1455.0,1435.0,1437.0,1435.0,1435.0,1429.0,1427.0,1423.0,1407.0,1413.0,1417.0,1413.0,1401.0,0.0,0.0,0.0,0.0,0.0,0.0,0.0,0.0,0.0,0.0,0.0,0.0,0.0,0.0,0.0,0.0,0.1339886,0.09857656,0.0,0.0
1752711901.3705418,0.0,0.0,0.0,0.0,0.0,0.0,0.0,0.0,0.0,0.0,0.0,0.0,0.0,0.0,0.0,0.0,0.0,0.0,0.0,0.0,0.0,0.0,0.0,0.0,0.0,0.0,0.0,0.0,0.0,0.0,0.0,0.0,1453.0,1437.0,1419.0,1417.0,1405.0,1395.0,1379.0,1381.0,1385.0,1375.0,1371.0,1363.0,1355.0,1364.0,1341.0,1367.0,0.0,0.0,0.0,0.0,0.0,0.0,0.0,0.0,0.0,0.0,0.0,0.0,0.0,0.0,0.0,0.0,0.1345506,0.05871886,0.0,0.0
1752711901.4748905,0.0,0.0,0.0,0.0,0.0,0.0,0.0,0.0,0.0,0.0,0.0,0.0,0.0,0.0,0.0,0.0,0.0,0.0,0.0,0.0,0.0,0.0,0.0,0.0,0.0,0.0,0.0,0.0,0.0,0.0,0.0,0.0,1501.0,1493.0,1485.0,1476.0,1463.0,1460.0,1448.0,1467.0,1435.0,1439.0,1451.0,1425.0,1397.0,1403.0,1385.0,1371.0,0.0,0.0,0.0,0.0,0.0,0.0,0.0,0.0,0.0,0.0,0.0,0.0,0.0,0.0,0.0,0.0,0.1365168,0.05907465,0.0,0.0
1752711901.5855904,0.0,0.0,0.0,0.0,0.0,0.0,0.0,0.0,0.0,0.0,0.0,0.0,0.0,0.0,0.0,0.0,0.0,0.0,0.0,0.0,0.0,0.0,0.0,0.0,0.0,0.0,0.0,0.0,0.0,0.0,0.0,0.0,1471.0,1429.0,1429.0,1414.0,1422.0,1397.0,1397.0,1389.0,1397.0,1391.0,1389.0,1385.0,1383.0,1387.0,1397.0,1381.0,0.0,0.0,0.0,0.0,0.0,0.0,0.0,0.0,0.0,0.0,0.0,0.0,0.0,0.0,0.0,0.0,0.1356743,0.05765129,0.0,0.0
1752711901.6996875,0.0,0.0,0.0,0.0,0.0,0.0,0.0,0.0,0.0,0.0,0.0,0.0,0.0,0.0,0.0,0.0,0.0,0.0,0.0,0.0,0.0,0.0,0.0,0.0,0.0,0.0,0.0,0.0,0.0,0.0,0.0,0.0,1479.0,1431.0,1433.0,1429.0,1415.0,1404.0,1397.0,1395.0,1395.0,1385.0,1379.0,1350.0,1365.0,1343.0,1353.0,1343.0,0.0,0.0,0.0,0.0,0.0,0.0,0.0,0.0,0.0,0.0,0.0,0.0,0.0,0.0,0.0,0.0,0.1412923,0.05658371,0.0,0.0
1752711901.8282037,0.0,0.0,0.0,0.0,0.0,0.0,0.0,0.0,0.0,0.0,0.0,0.0,0.0,0.0,0.0,0.0,0.0,0.0,0.0,0.0,0.0,0.0,0.0,0.0,0.0,0.0,0.0,0.0,0.0,0.0,0.0,0.0,1507.0,1499.0,1487.0,1483.0,1481.0,1465.0,1439.0,1453.0,1449.0,1427.0,1438.0,1419.0,1407.0,1399.0,1395.0,1380.0,0.0,0.0,0.0,0.0,0.0,0.0,0.0,0.0,0.0,0.0,0.0,0.0,0.0,0.0,0.0,0.0,0.1415731,0.05409257,0.0,0.0
1752711901.9427073,0.0,0.0,0.0,0.0,0.0,0.0,0.0,0.0,0.0,0.0,0.0,0.0,0.0,0.0,0.0,0.0,0.0,0.0,0.0,0.0,0.0,0.0,0.0,0.0,0.0,0.0,0.0,0.0,0.0,0.0,0.0,0.0,1437.0,1428.0,1401.0,1403.0,1405.0,1399.0,1391.0,1397.0,1397.0,1389.0,1387.0,1387.0,1379.0,1391.0,1389.0,1383.0,0.0,0.0,3.0,0.0,0.0,0.0,0.0,0.0,0.0,0.0,0.0,0.0,0.0,0.0,0.0,0.0,0.1429776,0.0480427,0.0,0.0
1752711902.056012,0.0,0.0,0.0,0.0,0.0,4.0,0.0,0.0,0.0,0.0,0.0,0.0,0.0,0.0,0.0,0.0,0.0,0.0,0.0,0.0,0.0,0.0,0.0,0.0,0.0,0.0,0.0,0.0,0.0,0.0,0.0,0.0,1491.0,1477.0,1451.0,1451.0,1431.0,1421.0,1401.0,1400.0,1399.0,1387.0,1383.0,1371.0,1375.0,1365.0,1359.0,1349.0,0.0,0.0,0.0,0.0,0.0,0.0,0.0,0.0,0.0,0.0,0.0,0.0,0.0,0.0,0.0,0.0,0.1502809,0.04448399,0.0,0.0
1752711902.1581488,0.0,0.0,0.0,0.0,0.0,0.0,0.0,0.0,0.0,0.0,0.0,0.0,0.0,0.0,0.0,0.0,0.0,0.0,0.0,0.0,0.0,0.0,0.0,0.0,0.0,0.0,0.0,0.0,0.0,0.0,0.0,0.0,1465.0,1453.0,1445.0,1443.0,1445.0,1445.0,1469.0,1427.0,1431.0,1427.0,1435.0,1423.0,1416.0,1419.0,1433.0,1405.0,0.0,0.0,0.0,0.0,0.0,0.0,0.0,0.0,0.0,0.0,0.0,0.0,0.0,0.0,0.0,0.0,0.2648878,0.03309604,0.0,0.0
1752711902.2670112,0.0,0.0,0.0,0.0,0.0,0.0,0.0,0.0,0.0,0.0,0.0,0.0,0.0,0.0,0.0,0.0,0.0,0.0,0.0,0.0,0.0,0.0,0.0,0.0,0.0,0.0,0.0,0.0,0.0,0.0,0.0,0.0,1449.0,1433.0,1435.0,1391.0,1399.0,1391.0,1381.0,1381.0,1381.0,1371.0,1367.0,1353.0,1366.0,1363.0,1355.0,1351.0,0.0,0.0,0.0,0.0,0.0,0.0,0.0,0.0,0.0,0.0,0.0,0.0,0.0,0.0,0.0,0.0,0.7365167,0.06423483,0.0,0.0
1752711902.3875258,0.0,0.0,0.0,0.0,0.0,0.0,0.0,0.0,0.0,0.0,0.0,0.0,0.0,0.0,0.0,0.0,0.0,0.0,0.0,0.0,1.0,0.0,0.0,0.0,0.0,0.0,0.0,0.0,0.0,0.0,0.0,0.0,1497.0,1485.0,1478.0,1465.0,1461.0,1447.0,1445.0,1435.0,1435.0,1437.0,1419.0,1401.0,1394.0,1385.0,1375.0,1371.0,0.0,0.0,0.0,0.0,0.0,0.0,0.0,0.0,0.0,0.0,0.0,0.0,0.0,0.0,0.0,0.0,0.9213484,0.8512456,0.5620615,0.2987952
1752711902.5007977,0.0,0.0,0.0,0.0,0.0,0.0,0.0,0.0,0.0,0.0,0.0,0.0,0.0,0.0,0.0,0.0,0.0,0.0,0.0,0.0,0.0,0.0,0.0,0.0,0.0,0.0,0.0,0.0,0.0,0.0,0.0,0.0,1437.0,1401.0,1417.0,1399.0,1402.0,1403.0,1397.0,1396.0,1389.0,1385.0,1383.0,1379.0,1381.0,1387.0,1383.0,1383.0,0.0,0.0,0.0,0.0,0.0,0.0,0.0,0.0,0.0,0.0,0.0,0.0,0.0,0.0,0.0,0.0,0.9668538,0.9389679,0.7984648,0.6597891
1752711902.5964148,0.0,0.0,0.0,0.0,0.0,0.0,0.0,0.0,0.0,0.0,0.0,0.0,0.0,0.0,0.0,0.0,0.0,0.0,0.0,0.0,0.0,0.0,0.0,0.0,0.0,0.0,0.0,0.0,0.0,0.0,0.0,0.0,1486.0,1465.0,1449.0,1439.0,1429.0,1415.0,1395.0,1387.0,1391.0,1397.0,1378.0,1371.0,1371.0,1359.0,1351.0,1337.0,0.0,0.0,0.0,0.0,0.0,0.0,0.0,0.0,0.0,0.0,0.0,0.0,0.0,0.0,0.0,0.0,0.9893257,1.0,1.0,0.9865963
1752711902.7189448,0.0,0.0,0.0,0.0,0.0,0.0,0.0,0.0,0.0,0.0,0.0,0.0,0.0,0.0,0.0,0.0,0.0,0.0,0.0,0.0,0.0,0.0,0.0,0.0,0.0,0.0,0.0,0.0,0.0,0.0,0.0,0.0,1477.0,1465.0,1462.0,1455.0,1452.0,1452.0,1449.0,1438.0,1435.0,1421.0,1430.0,1413.0,1399.0,1406.0,1341.0,1391.0,0.0,0.0,0.0,0.0,0.0,0.0,0.0,0.0,0.0,0.0,0.0,0.0,0.0,0.0,0.0,0.0,0.9988764,1.0,1.0,0.9960844
1752711902.8188252,0.0,0.0,0.0,0.0,0.0,0.0,0.0,0.0,0.0,0.0,0.0,0.0,0.0,0.0,0.0,0.0,0.0,0.0,0.0,0.0,0.0,0.0,0.0,0.0,0.0,0.0,0.0,0.0,0.0,0.0,0.0,0.0,1451.0,1429.0,1423.0,1407.0,1387.0,1385.0,1378.0,1380.0,1383.0,1371.0,1368.0,1368.0,1353.0,1312.0,1361.0,1333.0,0.0,0.0,0.0,0.0,0.0,0.0,0.0,0.0,0.0,0.0,0.0,0.0,0.0,0.0,0.0,0.0,0.9955057,1.0,1.0,0.9944278
1752711902.9260898,0.0,0.0,0.0,0.0,0.0,0.0,0.0,0.0,0.0,0.0,0.0,0.0,0.0,0.0,0.0,0.0,0.0,0.0,0.0,0.0,0.0,0.0,0.0,0.0,0.0,0.0,0.0,0.0,0.0,0.0,0.0,0.0,1499.0,1485.0,1477.0,1469.0,1461.0,1461.0,1443.0,1437.0,1419.0,1429.0,1403.0,1391.0,1387.0,1382.0,1375.0,1369.0,0.0,0.0,0.0,0.0,0.0,0.0,0.0,0.0,0.0,0.0,0.0,0.0,0.0,0.0,0.0,0.0,1.0,0.9985764,1.0,0.991265
1752711903.0357215,0.0,0.0,0.0,0.0,0.0,0.0,0.0,0.0,0.0,0.0,0.0,0.0,0.0,0.0,0.0,0.0,0.0,0.0,0.0,0.0,0.0,0.0,0.0,0.0,0.0,0.0,0.0,0.0,0.0,0.0,0.0,0.0,1439.0,1416.0,1421.0,1413.0,1403.0,1399.0,1399.0,1405.0,1397.0,1396.0,1391.0,1389.0,1385.0,1397.0,1389.0,1385.0,0.0,10.0,0.0,0.0,0.0,0.0,0.0,0.0,0.0,0.0,0.0,0.0,0.0,0.0,0.0,0.0,0.9634831,1.0,1.0,0.9906628
1752711903.1495647,0.0,0.0,0.0,0.0,0.0,0.0,0.0,0.0,0.0,0.0,0.0,0.0,0.0,0.0,0.0,0.0,0.0,0.0,0.0,0.0,0.0,0.0,0.0,0.0,0.0,0.0,0.0,0.0,0.0,0.0,0.0,0.0,1489.0,1470.0,1463.0,1449.0,1433.0,1420.0,1397.0,1399.0,1404.0,1391.0,1385.0,1375.0,1369.0,1367.0,1359.0,1351.0,0.0,0.0,0.0,0.0,0.0,0.0,0.0,0.0,0.0,0.0,0.0,0.0,0.0,0.0,0.0,0.0,0.9289324,0.9964413,0.8793859,0.9478916
1752711903.2591949,0.0,0.0,0.0,0.0,0.0,0.0,0.0,0.0,0.0,0.0,0.0,0.0,0.0,0.0,0.0,0.0,0.0,0.0,0.0,0.0,0.0,0.0,0.0,0.0,69.0,0.0,0.0,0.0,0.0,0.0,0.0,0.0,1499.0,1481.0,1491.0,1471.0,1465.0,1454.0,1455.0,1448.0,1452.0,1373.0,1405.0,1419.0,1397.0,1387.0,1389.0,1373.0,0.0,0.0,0.0,0.0,0.0,0.0,0.0,0.0,0.0,0.0,3.0,0.0,0.0,0.0,0.0,0.0,0.7988765,0.8044483,0.5008773,0.7745483
1752711903.388956,0.0,0.0,0.0,0.0,0.0,0.0,0.0,0.0,0.0,0.0,0.0,0.0,0.0,0.0,0.0,0.0,0.0,0.0,0.0,0.0,0.0,0.0,0.0,0.0,0.0,0.0,0.0,0.0,0.0,0.0,0.0,0.0,1449.0,1435.0,1425.0,1427.0,1407.0,1407.0,1400.0,1407.0,1403.0,1401.0,1400.0,1399.0,1396.0,1401.0,1397.0,1395.0,0.0,0.0,0.0,0.0,0.0,0.0,0.0,0.0,0.0,0.0,0.0,0.0,0.0,0.0,0.0,0.0,0.6008428,0.5295373,0.04780713,0.08207831
1752711903.5023923,0.0,0.0,0.0,0.0,0.0,0.0,0.0,0.0,0.0,0.0,0.0,0.0,0.0,0.0,0.0,0.0,0.0,0.0,0.0,0.0,0.0,0.0,0.0,0.0,0.0,0.0,0.0,0.0,0.0,0.0,0.0,0.0,1491.0,1471.0,1459.0,1447.0,1435.0,1416.0,1397.0,1399.0,1401.0,1389.0,1383.0,1373.0,1365.0,1367.0,1357.0,1349.0,0.0,0.0,0.0,0.0,0.0,0.0,0.0,0.0,0.0,0.0,0.0,0.0,0.0,0.0,0.0,0.0,0.1879214,0.4620996,0.01557012,0.0
1752711903.6159964,0.0,0.0,0.0,0.0,0.0,0.0,0.0,0.0,0.0,0.0,0.0,0.0,0.0,0.0,0.0,0.0,0.0,0.0,0.0,0.0,0.0,0.0,0.0,0.0,0.0,0.0,0.0,0.0,0.0,0.0,0.0,0.0,1459.0,1449.0,1447.0,1446.0,1436.0,1447.0,1435.0,1433.0,1431.0,1423.0,1421.0,1416.0,1407.0,1405.0,1399.0,1395.0,0.0,0.0,0.0,0.0,0.0,0.0,0.0,0.0,0.0,0.0,0.0,0.0,0.0,0.0,0.0,19.0,0.1592695,0.4660143,0.01578937,0.0
1752711903.7316003,0.0,0.0,0.0,0.0,0.0,0.0,0.0,0.0,0.0,0.0,0.0,0.0,0.0,0.0,0.0,0.0,0.0,0.0,0.0,0.0,0.0,0.0,0.0,0.0,0.0,0.0,0.0,0.0,0.0,0.0,0.0,0.0,1445.0,1429.0,1419.0,1407.0,1415.0,1383.0,1373.0,1383.0,1375.0,1371.0,1369.0,1355.0,1365.0,1371.0,1351.0,1341.0,0.0,0.0,0.0,0.0,0.0,0.0,0.0,0.0,0.0,0.0,0.0,0.0,0.0,0.0,0.0,0.0,0.1598315,0.4660143,0.01578937,0.0
1752711903.824792,0.0,0.0,0.0,0.0,0.0,0.0,0.0,0.0,0.0,0.0,0.0,0.0,0.0,0.0,0.0,0.0,0.0,0.0,0.0,0.0,0.0,0.0,0.0,0.0,0.0,0.0,0.0,0.0,0.0,0.0,0.0,0.0,1501.0,1495.0,1491.0,1465.0,1451.0,1452.0,1449.0,1448.0,1397.0,1429.0,1416.0,1401.0,1391.0,1387.0,1379.0,1367.0,0.0,0.0,0.0,0.0,0.0,0.0,0.0,0.0,0.0,0.0,0.0,0.0,0.0,0.0,0.0,0.0,0.1581462,0.455516,0.01578937,0.0
1752711903.9434803,0.0,0.0,0.0,0.0,0.0,0.0,0.0,0.0,0.0,0.0,0.0,0.0,0.0,0.0,0.0,0.0,0.0,0.0,0.0,0.0,0.0,0.0,0.0,0.0,0.0,0.0,0.0,0.0,0.0,0.0,0.0,0.0,1419.0,1419.0,1419.0,1413.0,1399.0,1397.0,1388.0,1395.0,1389.0,1385.0,1389.0,1383.0,1381.0,1388.0,1383.0,1377.0,0.0,0.0,0.0,0.0,0.0,0.0,0.0,0.0,0.0,0.0,0.0,0.0,0.0,0.0,0.0,0.0,0.1536515,0.4544484,0.0138159,0.0
1752711904.046717,0.0,0.0,0.0,0.0,0.0,0.0,0.0,0.0,0.0,0.0,0.0,0.0,0.0,0.0,0.0,0.0,0.0,0.0,0.0,0.0,0.0,0.0,0.0,0.0,0.0,0.0,0.0,0.0,0.0,0.0,0.0,0.0,1479.0,1455.0,1449.0,1443.0,1427.0,1407.0,1391.0,1391.0,1397.0,1382.0,1381.0,1365.0,1363.0,1357.0,1351.0,1335.0,0.0,0.0,0.0,0.0,0.0,0.0,0.0,0.0,0.0,0.0,0.0,0.0,0.0,0.0,0.0,0.0,0.1587079,0.4549821,0.01864035,0.0
1752711904.1718056,0.0,0.0,0.0,0.0,0.0,0.0,0.0,0.0,0.0,0.0,0.0,0.0,0.0,0.0,0.0,0.0,0.0,0.0,0.0,0.0,0.0,0.0,0.0,0.0,0.0,0.0,0.0,0.0,0.0,0.0,0.0,0.0,1453.0,1439.0,1437.0,1435.0,1433.0,1435.0,1448.0,1427.0,1423.0,1421.0,1413.0,1405.0,1405.0,1401.0,1399.0,1385.0,0.0,0.0,0.0,0.0,0.0,0.0,0.0,0.0,0.0,0.0,0.0,0.0,0.0,0.0,0.0,0.0,0.157865,0.4521352,0.01732461,0.0
1752711904.2728438,0.0,0.0,0.0,0.0,0.0,0.0,0.0,0.0,0.0,0.0,0.0,0.0,0.0,0.0,0.0,0.0,0.0,0.0,0.0,0.0,0.0,0.0,0.0,0.0,0.0,0.0,0.0,0.0,0.0,0.0,0.0,0.0,1443.0,1423.0,1407.0,1399.0,1389.0,1395.0,1373.0,1373.0,1382.0,1365.0,1367.0,1373.0,1357.0,1363.0,1361.0,1353.0,0.0,0.0,0.0,0.0,0.0,0.0,0.0,0.0,0.0,0.0,0.0,0.0,0.0,0.0,0.0,0.0,0.2404494,0.450178,0.01535088,0.0
1752711904.3786242,0.0,0.0,0.0,0.0,0.0,0.0,0.0,0.0,0.0,0.0,0.0,0.0,0.0,0.0,0.0,0.0,0.0,0.0,0.0,0.0,0.0,0.0,0.0,0.0,0.0,0.0,0.0,0.0,0.0,0.0,0.0,0.0,1495.0,1485.0,1487.0,1463.0,1459.0,1415.0,1445.0,1437.0,1434.0,1419.0,1407.0,1397.0,1389.0,1386.0,1379.0,1379.0,0.0,0.0,0.0,0.0,0.0,0.0,0.0,0.0,0.0,0.0,0.0,0.0,0.0,0.0,0.0,0.0,0.791292,0.4329183,0.01973684,0.0
1752711904.4848568,0.0,0.0,0.0,0.0,0.0,0.0,0.0,0.0,0.0,0.0,0.0,0.0,0.0,0.0,0.0,0.0,0.0,0.0,0.0,0.0,0.0,0.0,0.0,0.0,0.0,0.0,0.0,0.0,0.0,0.0,0.0,0.0,1435.0,1423.0,1401.0,1416.0,1405.0,1394.0,1395.0,1399.0,1397.0,1397.0,1385.0,1391.0,1387.0,1389.0,1386.0,1390.0,0.0,0.0,0.0,0.0,0.0,0.0,0.0,0.0,0.0,0.0,0.0,0.0,0.0,0.0,0.0,0.0,0.952528,0.4087188,0.01008767,0.1394578
1752711904.6016037,0.0,0.0,0.0,0.0,0.0,0.0,0.0,0.0,0.0,0.0,0.0,0.0,0.0,0.0,0.0,0.0,0.0,0.0,0.0,0.0,0.0,0.0,0.0,0.0,0.0,0.0,0.0,0.0,0.0,0.0,0.0,0.0,1491.0,1478.0,1463.0,1451.0,1433.0,1417.0,1407.0,1397.0,1404.0,1391.0,1386.0,1383.0,1367.0,1367.0,1363.0,1351.0,0.0,0.0,0.0,0.0,0.0,0.0,0.0,0.0,0.0,0.0,0.0,0.0,0.0,0.0,0.0,0.0,0.9786518,0.4998221,0.2508773,0.4298193
1752711904.7050474,0.0,0.0,0.0,0.0,0.0,0.0,0.0,0.0,0.0,0.0,0.0,0.0,0.0,0.0,0.0,0.0,0.0,0.0,0.0,0.0,0.0,0.0,0.0,0.0,0.0,0.0,0.0,0.0,0.0,0.0,0.0,0.0,1467.0,1461.0,1455.0,1455.0,1433.0,1445.0,1445.0,1443.0,1439.0,1435.0,1431.0,1426.0,1419.0,1417.0,1415.0,1395.0,0.0,0.0,0.0,0.0,0.0,0.0,0.0,0.0,0.0,0.0,0.0,0.0,0.0,0.0,0.0,0.0,1.0,1.0,1.0,0.9629519
1752711904.8215623,0.0,0.0,0.0,0.0,0.0,0.0,0.0,0.0,0.0,0.0,0.0,0.0,0.0,0.0,0.0,0.0,0.0,0.0,0.0,0.0,0.0,0.0,0.0,0.0,0.0,0.0,0.0,0.0,0.0,0.0,0.0,0.0,1447.0,1427.0,1427.0,1405.0,1415.0,1419.0,1363.0,1397.0,1397.0,1389.0,1373.0,1380.0,1380.0,1381.0,1371.0,1367.0,0.0,0.0,0.0,0.0,0.0,0.0,0.0,0.0,0.0,0.0,0.0,0.0,0.0,0.0,0.0,0.0,1.0,1.0,1.0,0.993524
1752711904.9482596,0.0,0.0,0.0,0.0,0.0,0.0,0.0,0.0,0.0,0.0,0.0,0.0,0.0,0.0,0.0,0.0,0.0,0.0,0.0,0.0,0.0,0.0,0.0,0.0,0.0,0.0,0.0,0.0,0.0,0.0,0.0,0.0,1511.0,1492.0,1479.0,1464.0,1445.0,1433.0,1423.0,1419.0,1422.0,1405.0,1389.0,1389.0,1381.0,1382.0,1371.0,1365.0,0.0,0.0,0.0,0.0,0.0,0.0,0.0,0.0,0.0,0.0,0.0,0.0,0.0,0.0,0.0,0.0,1.0,1.0,1.0,0.9941265
1752711905.0671494,0.0,0.0,0.0,0.0,0.0,0.0,0.0,0.0,0.0,0.0,0.0,0.0,0.0,0.0,0.0,0.0,0.0,0.0,0.0,0.0,0.0,0.0,0.0,0.0,0.0,0.0,0.0,0.0,0.0,0.0,0.0,0.0,1477.0,1469.0,1464.0,1461.0,1459.0,1452.0,1449.0,1449.0,1447.0,1449.0,1435.0,1429.0,1425.0,1429.0,1425.0,1413.0,0.0,0.0,0.0,0.0,0.0,0.0,0.0,0.0,0.0,0.0,0.0,0.0,0.0,0.0,0.0,0.0,0.9977527,1.0,1.0,0.9960844
1752711905.165238,0.0,0.0,0.0,0.0,0.0,0.0,0.0,0.0,0.0,0.0,0.0,0.0,0.0,0.0,0.0,0.0,0.0,0.0,0.0,0.0,0.0,0.0,0.0,0.0,0.0,0.0,0.0,0.0,2.0,0.0,0.0,0.0,1459.0,1445.0,1432.0,1421.0,1415.0,1401.0,1395.0,1390.0,1393.0,1373.0,1375.0,1343.0,1367.0,1366.0,1355.0,1363.0,0.0,0.0,0.0,0.0,0.0,0.0,0.0,0.0,0.0,0.0,0.0,0.0,0.0,0.0,8.0,0.0,1.0,1.0,0.997807,0.9980421
1752711905.2752712,0.0,0.0,0.0,0.0,0.0,0.0,0.0,0.0,0.0,0.0,0.0,0.0,0.0,0.0,0.0,0.0,0.0,0.0,0.0,0.0,0.0,0.0,0.0,0.0,0.0,0.0,0.0,0.0,0.0,0.0,0.0,0.0,1499.0,1493.0,1483.0,1479.0,1467.0,1449.0,1433.0,1447.0,1437.0,1421.0,1415.0,1401.0,1397.0,1391.0,1371.0,1369.0,0.0,0.0,0.0,0.0,0.0,0.0,0.0,0.0,0.0,0.0,0.0,0.0,0.0,0.0,0.0,0.0,1.0,1.0,0.9991227,0.9926205
1752711905.3867269,0.0,0.0,0.0,0.0,0.0,0.0,0.0,0.0,0.0,0.0,0.0,0.0,0.0,0.0,0.0,0.0,0.0,0.0,0.0,0.0,0.0,0.0,0.0,0.0,0.0,0.0,0.0,0.0,0.0,0.0,0.0,0.0,1439.0,1435.0,1427.0,1419.0,1403.0,1417.0,1415.0,1419.0,1419.0,1413.0,1415.0,1405.0,1407.0,1413.0,1405.0,1403.0,0.0,0.0,0.0,0.0,0.0,0.0,0.0,0.0,0.0,0.0,0.0,0.0,0.0,0.0,0.0,0.0,0.9980338,1.0,0.9967106,0.9972891
1752711905.5005243,0.0,0.0,0.0,0.0,0.0,0.0,0.0,0.0,0.0,0.0,0.0,0.0,0.0,0.0,0.0,0.0,0.0,0.0,0.0,0.0,0.0,0.0,0.0,0.0,0.0,0.0,0.0,0.0,0.0,0.0,0.0,0.0,1493.0,1479.0,1461.0,1451.0,1435.0,1421.0,1407.0,1407.0,1417.0,1395.0,1389.0,1383.0,1367.0,1373.0,1370.0,1354.0,0.0,0.0,0.0,0.0,0.0,0.0,0.0,0.0,0.0,0.0,0.0,0.0,0.0,0.0,0.0,0.0,1.0,0.7482206,0.9756579,1.0
1752711905.6080732,0.0,0.0,0.0,0.0,0.0,0.0,0.0,0.0,0.0,0.0,0.0,0.0,0.0,0.0,0.0,0.0,0.0,0.0,0.0,0.0,0.0,0.0,0.0,0.0,0.0,0.0,0.0,0.0,0.0,0.0,0.0,0.0,1465.0,1451.0,1455.0,1451.0,1451.0,1437.0,1439.0,1437.0,1431.0,1433.0,1430.0,1407.0,1407.0,1415.0,1399.0,1413.0,0.0,0.0,0.0,0.0,0.0,0.0,0.0,0.0,0.0,0.0,0.0,0.0,0.0,0.0,0.0,0.0,1.0,0.03416361,0.8956141,1.0
1752711905.7167401,0.0,0.0,0.0,0.0,0.0,0.0,0.0,0.0,0.0,0.0,0.0,0.0,0.0,0.0,0.0,0.0,0.0,0.0,0.0,0.0,0.0,0.0,0.0,0.0,0.0,0.0,0.0,0.0,0.0,0.0,0.0,0.0,1449.0,1436.0,1427.0,1407.0,1423.0,1389.0,1384.0,1391.0,1385.0,1373.0,1379.0,1369.0,1365.0,1343.0,1339.0,1353.0,0.0,0.0,0.0,0.0,0.0,0.0,0.0,0.0,0.0,0.0,0.0,0.0,0.0,0.0,0.0,0.0,1.0,0.0,0.8817982,1.0
1752711905.8338838,0.0,0.0,0.0,0.0,0.0,0.0,0.0,0.0,0.0,0.0,0.0,0.0,0.0,0.0,0.0,0.0,0.0,0.0,0.0,0.0,0.0,0.0,0.0,0.0,0.0,0.0,0.0,0.0,0.0,0.0,0.0,0.0,1509.0,1496.0,1481.0,1481.0,1468.0,1463.0,1444.0,1435.0,1433.0,1421.0,1417.0,1395.0,1387.0,1382.0,1371.0,1357.0,0.0,0.0,0.0,0.0,0.0,0.0,0.0,0.0,0.0,0.0,0.0,0.0,0.0,0.0,0.0,0.0,1.0,0.0,0.8815789,1.0
1752711905.9349096,1.0,0.0,0.0,0.0,0.0,0.0,0.0,0.0,0.0,0.0,0.0,0.0,0.0,0.0,0.0,0.0,0.0,0.0,0.0,0.0,0.0,0.0,3.0,0.0,0.0,0.0,0.0,0.0,0.0,0.0,0.0,0.0,1451.0,1427.0,1421.0,1419.0,1415.0,1405.0,1399.0,1402.0,1399.0,1395.0,1388.0,1392.0,1387.0,1397.0,1379.0,1383.0,0.0,0.0,0.0,0.0,0.0,0.0,0.0,0.0,0.0,0.0,0.0,0.0,0.0,0.0,0.0,0.0,1.0,0.0,0.8666666,1.0
1752711906.050083,0.0,0.0,0.0,0.0,0.0,0.0,0.0,0.0,0.0,0.0,0.0,0.0,0.0,0.0,0.0,0.0,0.0,0.0,0.0,0.0,0.0,0.0,0.0,0.0,0.0,0.0,0.0,0.0,0.0,0.0,0.0,0.0,1489.0,1469.0,1461.0,1445.0,1431.0,1417.0,1405.0,1405.0,1403.0,1391.0,1389.0,1371.0,1368.0,1367.0,1355.0,1349.0,0.0,0.0,0.0,0.0,0.0,0.0,0.0,0.0,0.0,0.0,0.0,0.0,0.0,0.0,0.0,0.0,1.0,0.0007117872,0.8666666,1.0
1752711906.1574047,0.0,0.0,0.0,0.0,0.0,0.0,0.0,0.0,0.0,0.0,0.0,0.0,0.0,0.0,0.0,0.0,0.0,0.0,0.0,0.0,0.0,0.0,0.0,0.0,0.0,0.0,0.0,0.0,0.0,0.0,0.0,0.0,1461.0,1466.0,1459.0,1452.0,1455.0,1447.0,1439.0,1438.0,1437.0,1437.0,1431.0,1423.0,1421.0,1421.0,1414.0,1405.0,0.0,0.0,0.0,0.0,0.0,0.0,0.0,0.0,0.0,0.0,0.0,0.0,0.0,0.0,0.0,0.0,1.0,0.0,0.8649123,1.0
1752711906.2724826,0.0,0.0,0.0,0.0,0.0,0.0,0.0,0.0,0.0,0.0,0.0,0.0,0.0,0.0,0.0,0.0,0.0,0.0,0.0,0.0,0.0,0.0,0.0,0.0,0.0,0.0,0.0,0.0,0.0,0.0,0.0,0.0,1455.0,1438.0,1432.0,1419.0,1413.0,1399.0,1391.0,1385.0,1395.0,1385.0,1384.0,1371.0,1351.0,1363.0,1366.0,1357.0,0.0,0.0,0.0,0.0,0.0,0.0,0.0,0.0,0.0,0.0,0.0,0.0,0.0,0.0,0.0,0.0,1.0,0.001957252,0.8657896,1.0
1752711906.381907,0.0,0.0,0.0,0.0,0.0,0.0,0.0,0.0,0.0,0.0,0.0,0.0,0.0,0.0,0.0,0.0,0.0,0.0,0.0,0.0,0.0,0.0,0.0,0.0,0.0,0.0,0.0,0.0,0.0,0.0,0.0,0.0,1513.0,1509.0,1489.0,1477.0,1461.0,1451.0,1439.0,1439.0,1433.0,1417.0,1399.0,1389.0,1381.0,1379.0,1375.0,1361.0,0.0,0.0,0.0,0.0,0.0,0.0,0.0,0.0,0.0,0.0,0.0,0.0,0.0,0.0,0.0,0.0,1.0,0.2549823,0.9054825,1.0
1752711906.4947402,0.0,0.0,0.0,0.0,0.0,0.0,0.0,0.0,0.0,0.0,0.0,0.0,0.0,0.0,0.0,0.0,0.0,0.0,0.0,0.0,0.0,0.0,0.0,0.0,0.0,0.0,0.0,0.0,0.0,0.0,0.0,0.0,1497.0,1479.0,1465.0,1449.0,1437.0,1415.0,1415.0,1412.0,1415.0,1403.0,1395.0,1381.0,1375.0,1373.0,1351.0,1354.0,0.0,0.0,0.0,0.0,0.0,0.0,0.0,0.0,0.0,0.0,0.0,0.0,0.0,0.0,0.0,0.0,0.9974719,1.0,0.9997808,0.9986445
1752711906.6059723,0.0,0.0,0.0,0.0,0.0,0.0,0.0,0.0,0.0,0.0,0.0,53.0,0.0,0.0,0.0,0.0,0.0,0.0,0.0,0.0,0.0,0.0,0.0,0.0,0.0,0.0,0.0,0.0,0.0,0.0,0.0,0.0,1469.0,1462.0,1461.0,1455.0,1451.0,1447.0,1449.0,1439.0,1443.0,1427.0,1431.0,1427.0,1419.0,1415.0,1413.0,1397.0,0.0,0.0,0.0,0.0,0.0,0.0,0.0,0.0,0.0,0.0,0.0,0.0,0.0,0.0,0.0,0.0,0.9960673,1.0,1.0,0.9963855
1752711906.714819,0.0,0.0,0.0,0.0,0.0,0.0,0.0,0.0,0.0,0.0,0.0,0.0,0.0,0.0,0.0,0.0,0.0,0.0,0.0,0.0,0.0,0.0,0.0,0.0,0.0,0.0,0.0,0.0,0.0,0.0,0.0,0.0,1461.0,1439.0,1429.0,1426.0,1415.0,1399.0,1391.0,1379.0,1390.0,1369.0,1373.0,1365.0,1351.0,1363.0,1363.0,1353.0,0.0,0.0,0.0,0.0,0.0,0.0,0.0,0.0,0.0,0.0,0.0,0.0,0.0,0.0,0.0,0.0,0.9977527,1.0,1.0,0.996235
1752711906.8450055,0.0,0.0,0.0,0.0,0.0,0.0,0.0,0.0,0.0,0.0,0.0,0.0,0.0,0.0,0.0,0.0,0.0,0.0,0.0,0.0,0.0,0.0,3.0,0.0,0.0,0.0,0.0,0.0,0.0,0.0,0.0,0.0,1507.0,1499.0,1491.0,1477.0,1469.0,1467.0,1451.0,1455.0,1439.0,1429.0,1419.0,1407.0,1399.0,1397.0,1387.0,1371.0,0.0,0.0,0.0,0.0,0.0,0.0,0.0,0.0,0.0,0.0,0.0,0.0,0.0,0.0,0.0,0.0,0.9952249,1.0,1.0,0.995783
1752711906.9386933,0.0,0.0,0.0,0.0,0.0,0.0,0.0,0.0,0.0,0.0,0.0,0.0,0.0,0.0,0.0,0.0,0.0,0.0,0.0,0.0,0.0,0.0,0.0,0.0,0.0,0.0,0.0,0.0,0.0,0.0,0.0,0.0,1439.0,1433.0,1429.0,1425.0,1419.0,1407.0,1403.0,1405.0,1401.0,1395.0,1399.0,1395.0,1391.0,1397.0,1389.0,1388.0,0.0,0.0,0.0,0.0,0.0,0.0,0.0,0.0,0.0,0.0,0.0,0.0,0.0,0.0,0.0,0.0,0.9926967,1.0,1.0,0.9948795
1752711907.0525587,0.0,0.0,0.0,0.0,0.0,0.0,0.0,0.0,0.0,0.0,0.0,0.0,0.0,0.0,0.0,0.0,0.0,0.0,0.0,0.0,0.0,0.0,0.0,0.0,0.0,0.0,0.0,0.0,0.0,0.0,0.0,0.0,1467.0,1453.0,1439.0,1431.0,1423.0,1417.0,1403.0,1399.0,1397.0,1387.0,1383.0,1371.0,1363.0,1363.0,1367.0,1339.0,0.0,0.0,0.0,0.0,0.0,0.0,0.0,0.0,0.0,0.0,0.0,0.0,0.0,0.0,0.0,0.0,0.9955057,1.0,0.9986843,0.9953314
1752711907.15662,0.0,0.0,0.0,0.0,9.0,0.0,0.0,0.0,0.0,0.0,0.0,0.0,0.0,0.0,0.0,0.0,0.0,0.0,0.0,0.0,0.0,0.0,0.0,0.0,0.0,0.0,0.0,0.0,0.0,0.0,0.0,0.0,1489.0,1483.0,1464.0,1477.0,1463.0,1471.0,1447.0,1445.0,1431.0,1449.0,1427.0,1443.0,1415.0,1417.0,1399.0,1387.0,0.0,0.0,0.0,0.0,0.0,0.0,0.0,0.0,0.0,0.0,0.0,0.0,0.0,0.0,0.0,0.0,1.0,1.0,0.9991227,0.9948795
1752711907.292029,0.0,0.0,0.0,0.0,0.0,0.0,0.0,0.0,0.0,0.0,0.0,0.0,0.0,0.0,0.0,0.0,0.0,0.0,0.0,0.0,0.0,0.0,0.0,0.0,0.0,0.0,0.0,0.0,0.0,0.0,0.0,0.0,1469.0,1437.0,1433.0,1431.0,1427.0,1417.0,1407.0,1415.0,1417.0,1407.0,1407.0,1405.0,1398.0,1406.0,1403.0,1401.0,0.0,0.0,0.0,0.0,0.0,0.0,0.0,0.0,0.0,0.0,0.0,0.0,0.0,0.0,0.0,0.0,1.0,1.0,0.9964912,0.9941265
1752711907.4021332,0.0,0.0,0.0,0.0,0.0,0.0,0.0,0.0,0.0,0.0,0.0,0.0,0.0,0.0,0.0,0.0,0.0,0.0,0.0,0.0,0.0,0.0,0.0,0.0,0.0,0.0,0.0,0.0,0.0,0.0,0.0,0.0,1491.0,1471.0,1461.0,1435.0,1429.0,1423.0,1421.0,1407.0,1415.0,1399.0,1391.0,1383.0,1373.0,1369.0,1362.0,1353.0,0.0,0.0,0.0,0.0,0.0,0.0,0.0,0.0,0.0,0.0,0.0,0.0,0.0,0.0,0.0,0.0,1.0,0.9964413,0.9714912,0.9843373
1752711907.5064564,0.0,0.0,0.0,0.0,0.0,0.0,0.0,0.0,0.0,0.0,0.0,0.0,0.0,0.0,0.0,0.0,0.0,0.0,0.0,0.0,0.0,0.0,0.0,0.0,0.0,0.0,0.0,0.0,0.0,0.0,0.0,0.0,1481.0,1477.0,1461.0,1461.0,1459.0,1453.0,1451.0,1449.0,1439.0,1443.0,1433.0,1417.0,1404.0,1427.0,1413.0,1395.0,0.0,0.0,0.0,0.0,0.0,0.0,0.0,0.0,0.0,0.0,0.0,0.0,0.0,0.0,0.0,0.0,0.958708,0.9451956,0.8703948,0.966265
1752711907.6154053,0.0,0.0,0.0,0.0,0.0,0.0,0.0,0.0,0.0,0.0,0.0,0.0,0.0,0.0,0.0,0.0,0.0,0.0,0.0,0.0,0.0,0.0,0.0,0.0,0.0,0.0,0.0,0.0,0.0,0.0,0.0,0.0,1449.0,1433.0,1427.0,1416.0,1405.0,1397.0,1405.0,1370.0,1383.0,1379.0,1305.0,1371.0,1363.0,1379.0,1371.0,1353.0,0.0,0.0,0.0,0.0,0.0,0.0,0.0,0.0,0.0,0.0,0.0,0.0,0.0,0.0,0.0,0.0,0.5960672,0.6768684,0.4192981,0.7950302
1752711907.725141,0.0,0.0,0.0,0.0,0.0,0.0,0.0,0.0,0.0,0.0,0.0,0.0,0.0,0.0,0.0,0.0,0.0,0.0,0.0,0.0,0.0,0.0,0.0,0.0,0.0,0.0,0.0,0.0,0.0,0.0,0.0,0.0,1485.0,1495.0,1439.0,1487.0,1471.0,1463.0,1455.0,1419.0,1435.0,1425.0,1405.0,1395.0,1395.0,1387.0,1381.0,1365.0,0.0,0.0,0.0,0.0,0.0,0.0,0.0,0.0,0.0,0.0,0.0,0.0,0.0,0.0,0.0,0.0,0.07499986,0.1485765,0.0,0.0
1752711907.8355649,0.0,0.0,0.0,0.0,0.0,0.0,0.0,0.0,0.0,0.0,0.0,0.0,0.0,0.0,0.0,0.0,0.0,0.0,0.0,0.0,0.0,0.0,0.0,0.0,0.0,0.0,0.0,0.0,0.0,0.0,0.0,0.0,1425.0,1427.0,1421.0,1420.0,1417.0,1403.0,1399.0,1403.0,1400.0,1399.0,1389.0,1401.0,1385.0,1395.0,1391.0,1391.0,0.0,0.0,0.0,0.0,0.0,0.0,0.0,0.0,0.0,0.0,0.0,0.0,0.0,0.0,0.0,0.0,0.07162921,0.1476868,0.0,0.0
1752711907.9495678,0.0,0.0,0.0,0.0,0.0,0.0,0.0,0.0,0.0,0.0,0.0,0.0,0.0,0.0,0.0,0.0,0.0,0.0,0.0,0.0,0.0,0.0,0.0,0.0,0.0,0.0,0.0,0.0,0.0,0.0,0.0,0.0,1485.0,1464.0,1452.0,1439.0,1431.0,1416.0,1403.0,1401.0,1403.0,1390.0,1387.0,1375.0,1365.0,1373.0,1355.0,1341.0,0.0,0.0,0.0,0.0,0.0,0.0,0.0,0.0,0.0,0.0,0.0,0.0,0.0,0.0,0.0,0.0,0.09269663,0.1322065,0.0,0.0
1752711908.0557537,0.0,0.0,0.0,0.0,0.0,0.0,0.0,0.0,0.0,0.0,0.0,0.0,0.0,0.0,0.0,0.0,0.0,0.0,0.0,0.0,0.0,0.0,0.0,0.0,0.0,0.0,0.0,0.0,0.0,0.0,0.0,0.0,1480.0,1479.0,1469.0,1469.0,1456.0,1453.0,1451.0,1443.0,1444.0,1423.0,1427.0,1421.0,1399.0,1415.0,1415.0,1387.0,0.0,0.0,0.0,0.0,0.0,0.0,0.0,0.0,0.0,0.0,0.0,0.0,0.0,0.0,0.0,0.0,0.09466278,0.1295375,0.0,0.0
1752711908.1780148,0.0,0.0,0.0,0.0,0.0,0.0,0.0,0.0,0.0,0.0,0.0,0.0,0.0,0.0,0.0,0.0,0.0,0.0,0.0,0.0,0.0,0.0,0.0,0.0,0.0,0.0,0.0,0.0,0.0,0.0,0.0,0.0,1445.0,1429.0,1419.0,1417.0,1407.0,1389.0,1397.0,1397.0,1385.0,1381.0,1380.0,1368.0,1363.0,1364.0,1361.0,1353.0,0.0,0.0,0.0,0.0,0.0,0.0,0.0,0.0,0.0,0.0,0.0,0.0,0.0,0.0,0.0,0.0,0.1019664,0.1270463,0.0,0.0
1752711908.308581,0.0,0.0,0.0,0.0,0.0,0.0,0.0,0.0,0.0,0.0,0.0,0.0,0.0,0.0,0.0,0.0,0.0,0.0,0.0,0.0,0.0,0.0,0.0,0.0,0.0,0.0,0.0,0.0,0.0,0.0,0.0,0.0,1497.0,1485.0,1495.0,1467.0,1503.0,1387.0,1435.0,1437.0,1433.0,1419.0,1415.0,1399.0,1387.0,1387.0,1373.0,1371.0,0.0,0.0,0.0,0.0,0.0,0.0,0.0,0.0,0.0,0.0,0.0,0.0,0.0,0.0,0.0,0.0,0.591573,0.1064058,0.0,0.0
1752711908.3866525,0.0,0.0,0.0,0.0,0.0,0.0,0.0,0.0,0.0,0.0,0.0,0.0,0.0,0.0,0.0,0.0,0.0,0.0,0.0,0.0,0.0,0.0,0.0,0.0,0.0,0.0,0.0,0.0,0.0,0.0,0.0,0.0,1435.0,1426.0,1419.0,1419.0,1405.0,1404.0,1399.0,1400.0,1400.0,1396.0,1383.0,1405.0,1387.0,1397.0,1391.0,1383.0,0.0,0.0,0.0,0.0,0.0,0.0,0.0,0.0,0.0,0.0,0.0,0.0,0.0,0.0,0.0,0.0,0.9792134,0.9037367,0.7535088,0.6275601
1752711908.495054,0.0,0.0,0.0,0.0,0.0,0.0,0.0,0.0,0.0,0.0,0.0,0.0,0.0,0.0,0.0,0.0,0.0,0.0,0.0,0.0,0.0,0.0,0.0,0.0,0.0,0.0,0.0,0.0,0.0,0.0,0.0,0.0,1471.0,1455.0,1445.0,1431.0,1417.0,1407.0,1394.0,1395.0,1389.0,1391.0,1379.0,1367.0,1357.0,1355.0,1353.0,1336.0,0.0,0.0,0.0,0.0,0.0,0.0,0.0,0.0,0.0,0.0,0.0,0.0,0.0,0.0,0.0,0.0,1.0,0.9951958,0.9752192,0.9433735
1752711908.609269,0.0,0.0,0.0,0.0,0.0,0.0,0.0,0.0,0.0,1.0,0.0,0.0,0.0,0.0,0.0,0.0,0.0,0.0,0.0,0.0,0.0,0.0,0.0,0.0,0.0,0.0,0.0,0.0,0.0,0.0,0.0,0.0,1483.0,1479.0,1469.0,1467.0,1459.0,1453.0,1431.0,1437.0,1402.0,1431.0,1417.0,1405.0,1413.0,1403.0,1391.0,1383.0,0.0,0.0,0.0,0.0,0.0,0.0,0.0,0.0,0.0,0.0,0.0,0.0,0.0,0.0,0.0,0.0,1.0,0.9996442,1.0,0.9974399
1752711908.7165458,0.0,0.0,0.0,0.0,0.0,0.0,0.0,0.0,0.0,0.0,0.0,0.0,0.0,0.0,0.0,0.0,0.0,0.0,0.0,0.0,0.0,0.0,0.0,0.0,0.0,0.0,0.0,0.0,0.0,0.0,0.0,0.0,1433.0,1417.0,1415.0,1403.0,1337.0,1396.0,1305.0,1387.0,1383.0,1383.0,1381.0,1377.0,1368.0,1371.0,1369.0,1365.0,0.0,0.0,0.0,0.0,0.0,0.0,0.0,0.0,0.0,0.0,0.0,0.0,0.0,0.0,0.0,0.0,0.9963482,0.9976868,0.9951756,0.9956325
1752711908.8446293,0.0,0.0,0.0,0.0,0.0,0.0,0.0,0.0,0.0,0.0,0.0,0.0,0.0,0.0,0.0,0.0,0.0,0.0,0.0,0.0,0.0,0.0,0.0,0.0,0.0,0.0,0.0,0.0,0.0,0.0,0.0,0.0,1487.0,1477.0,1453.0,1439.0,1439.0,1416.0,1405.0,1403.0,1397.0,1395.0,1387.0,1379.0,1373.0,1369.0,1359.0,1349.0,0.0,0.0,0.0,0.0,0.0,0.0,0.0,0.0,0.0,0.0,0.0,0.0,0.0,0.0,0.0,0.0,0.9974719,0.9980428,0.9956141,0.9944278
1752711908.956861,0.0,0.0,0.0,0.0,0.0,0.0,0.0,0.0,0.0,0.0,0.0,0.0,0.0,0.0,0.0,0.0,0.0,0.0,0.0,0.0,0.0,0.0,0.0,0.0,0.0,0.0,0.0,0.0,0.0,0.0,0.0,0.0,1469.0,1465.0,1471.0,1455.0,1449.0,1449.0,1443.0,1439.0,1439.0,1432.0,1432.0,1415.0,1413.0,1413.0,1389.0,1381.0,0.0,0.0,0.0,0.0,0.0,0.0,0.0,0.0,0.0,0.0,0.0,0.0,0.0,0.0,0.0,0.0,0.9988764,1.0,1.0,0.996235
1752711909.0700045,0.0,0.0,0.0,0.0,0.0,0.0,0.0,0.0,0.0,0.0,0.0,0.0,0.0,0.0,0.0,0.0,0.0,0.0,0.0,0.0,0.0,0.0,0.0,0.0,0.0,0.0,0.0,0.0,0.0,0.0,0.0,0.0,1439.0,1426.0,1415.0,1405.0,1395.0,1387.0,1382.0,1379.0,1337.0,1379.0,1359.0,1355.0,1357.0,1355.0,1353.0,1349.0,0.0,0.0,0.0,0.0,0.0,0.0,0.0,0.0,0.0,0.0,0.0,0.0,0.0,0.0,0.0,0.0,1.0,1.0,1.0,1.0
1752711909.1830952,0.0,0.0,0.0,0.0,0.0,0.0,0.0,0.0,0.0,0.0,0.0,0.0,0.0,0.0,0.0,2.0,0.0,0.0,0.0,0.0,0.0,0.0,0.0,0.0,0.0,0.0,0.0,0.0,0.0,0.0,0.0,0.0,1493.0,1481.0,1481.0,1485.0,1465.0,1435.0,1439.0,1431.0,1429.0,1413.0,1403.0,1391.0,1387.0,1383.0,1371.0,1357.0,0.0,0.0,0.0,0.0,0.0,0.0,0.0,0.0,0.0,0.0,0.0,0.0,0.0,0.0,0.0,0.0,1.0,1.0,1.0,1.0
1752711909.2873735,0.0,0.0,0.0,0.0,0.0,0.0,0.0,0.0,0.0,0.0,0.0,0.0,0.0,0.0,0.0,0.0,0.0,0.0,0.0,0.0,0.0,0.0,0.0,0.0,0.0,0.0,0.0,0.0,0.0,0.0,0.0,0.0,1435.0,1427.0,1423.0,1419.0,1415.0,1403.0,1405.0,1399.0,1401.0,1399.0,1395.0,1391.0,1388.0,1397.0,1391.0,1385.0,0.0,0.0,0.0,0.0,0.0,0.0,0.0,0.0,0.0,0.0,0.0,0.0,0.0,0.0,0.0,0.0,1.0,0.9971531,1.0,0.9971385
1752711909.4032683,0.0,0.0,0.0,0.0,0.0,0.0,0.0,0.0,0.0,0.0,0.0,0.0,0.0,0.0,0.0,0.0,0.0,0.0,0.0,0.0,0.0,0.0,0.0,0.0,0.0,0.0,0.0,0.0,0.0,0.0,0.0,0.0,1477.0,1451.0,1443.0,1431.0,1421.0,1414.0,1419.0,1397.0,1400.0,1389.0,1381.0,1368.0,1363.0,1361.0,1353.0,1339.0,0.0,0.0,0.0,0.0,0.0,0.0,0.0,0.0,0.0,0.0,0.0,0.0,0.0,0.0,0.0,0.0,0.9980338,0.9975088,0.9986843,0.9938253
1752711909.507364,0.0,0.0,0.0,0.0,0.0,0.0,0.0,0.0,0.0,0.0,0.0,0.0,0.0,0.0,0.0,0.0,0.0,0.0,0.0,0.0,0.0,0.0,0.0,0.0,0.0,0.0,0.0,0.0,0.0,0.0,0.0,0.0,1465.0,1459.0,1465.0,1453.0,1443.0,1432.0,1448.0,1435.0,1435.0,1420.0,1427.0,1415.0,1404.0,1421.0,1385.0,1421.0,0.0,0.0,0.0,0.0,0.0,0.0,0.0,0.0,0.0,0.0,0.0,0.0,0.0,0.0,0.0,27.0,1.0,1.0,1.0,0.9996988
1752711909.6171918,0.0,0.0,0.0,0.0,0.0,0.0,0.0,0.0,0.0,0.0,0.0,0.0,0.0,0.0,0.0,0.0,0.0,0.0,0.0,0.0,0.0,0.0,0.0,0.0,0.0,0.0,0.0,0.0,0.0,0.0,0.0,0.0,1439.0,1419.0,1417.0,1404.0,1397.0,1387.0,1379.0,1383.0,1381.0,1369.0,1379.0,1372.0,1366.0,1369.0,1368.0,1357.0,0.0,0.0,0.0,0.0,0.0,0.0,0.0,0.0,0.0,0.0,0.0,0.0,0.0,0.0,0.0,0.0,1.0,1.0,1.0,1.0
1752711909.7268941,0.0,0.0,0.0,0.0,0.0,0.0,0.0,0.0,0.0,0.0,0.0,0.0,0.0,0.0,0.0,0.0,0.0,0.0,0.0,0.0,0.0,0.0,0.0,0.0,0.0,0.0,0.0,0.0,0.0,0.0,0.0,0.0,1508.0,1483.0,1469.0,1455.0,1445.0,1433.0,1421.0,1417.0,1415.0,1391.0,1387.0,1371.0,1370.0,1369.0,1363.0,1349.0,0.0,0.0,0.0,0.0,0.0,0.0,0.0,0.0,0.0,0.0,0.0,0.0,0.0,0.0,0.0,0.0,0.9969102,0.9971531,0.9967106,0.9969879
1752711909.83723,0.0,0.0,0.0,0.0,0.0,0.0,0.0,0.0,0.0,0.0,0.0,0.0,0.0,0.0,0.0,0.0,0.0,0.0,0.0,0.0,0.0,0.0,0.0,0.0,0.0,0.0,0.0,0.0,0.0,0.0,0.0,0.0,1437.0,1431.0,1425.0,1421.0,1417.0,1405.0,1401.0,1405.0,1407.0,1400.0,1402.0,1399.0,1389.0,1385.0,1397.0,1391.0,0.0,0.0,0.0,0.0,0.0,0.0,0.0,0.0,0.0,0.0,0.0,0.0,0.0,0.0,0.0,0.0,1.0,1.0,1.0,1.0
1752711909.9542828,0.0,0.0,0.0,0.0,0.0,0.0,0.0,0.0,0.0,0.0,0.0,0.0,0.0,0.0,0.0,0.0,0.0,0.0,0.0,0.0,0.0,0.0,0.0,0.0,0.0,0.0,0.0,0.0,0.0,0.0,0.0,0.0,1471.0,1454.0,1447.0,1433.0,1419.0,1415.0,1397.0,1415.0,1397.0,1383.0,1375.0,1371.0,1361.0,1357.0,1355.0,1337.0,0.0,0.0,0.0,0.0,0.0,0.0,0.0,0.0,0.0,0.0,0.0,0.0,0.0,0.0,0.0,0.0,0.9980338,1.0,1.0,1.0
1752711910.066208,0.0,0.0,0.0,0.0,0.0,0.0,0.0,0.0,0.0,0.0,0.0,0.0,0.0,0.0,0.0,0.0,0.0,0.0,0.0,0.0,0.0,0.0,0.0,0.0,0.0,0.0,0.0,0.0,0.0,0.0,0.0,16.0,1461.0,1463.0,1463.0,1461.0,1451.0,1459.0,1440.0,1432.0,1435.0,1432.0,1427.0,1431.0,1401.0,1429.0,1393.0,1401.0,0.0,0.0,0.0,0.0,0.0,0.0,0.0,0.0,0.0,0.0,0.0,0.0,0.0,0.0,0.0,0.0,1.0,1.0,1.0,1.0
1752711910.1694517,0.0,0.0,0.0,0.0,0.0,0.0,0.0,0.0,0.0,0.0,0.0,0.0,0.0,0.0,0.0,0.0,0.0,0.0,0.0,0.0,0.0,0.0,0.0,0.0,0.0,0.0,0.0,0.0,0.0,0.0,0.0,0.0,1444.0,1429.0,1419.0,1413.0,1405.0,1398.0,1385.0,1397.0,1390.0,1375.0,1384.0,1371.0,1367.0,1368.0,1365.0,1363.0,0.0,0.0,0.0,0.0,0.0,0.0,0.0,0.0,0.0,0.0,0.0,0.0,0.0,0.0,0.0,0.0,1.0,1.0,1.0,1.0
1752711910.2837555,0.0,0.0,0.0,0.0,0.0,0.0,0.0,0.0,0.0,0.0,0.0,0.0,0.0,0.0,0.0,0.0,0.0,0.0,0.0,0.0,0.0,0.0,0.0,0.0,0.0,0.0,0.0,0.0,0.0,0.0,0.0,0.0,1493.0,1477.0,1463.0,1451.0,1439.0,1425.0,1419.0,1407.0,1407.0,1379.0,1387.0,1375.0,1383.0,1368.0,1359.0,1349.0,0.0,0.0,0.0,0.0,0.0,0.0,0.0,0.0,0.0,0.0,0.0,0.0,0.0,0.0,0.0,0.0,1.0,0.9994661,1.0,1.0
1752711910.404751,0.0,0.0,0.0,0.0,0.0,0.0,0.0,0.0,0.0,0.0,0.0,0.0,0.0,0.0,0.0,0.0,0.0,0.0,0.0,0.0,0.0,0.0,0.0,0.0,0.0,0.0,0.0,0.0,0.0,0.0,0.0,0.0,1485.0,1477.0,1460.0,1465.0,1463.0,1444.0,1451.0,1467.0,1459.0,1455.0,1451.0,1449.0,1440.0,1439.0,1431.0,1445.0,0.0,0.0,0.0,0.0,0.0,0.0,0.0,0.0,0.0,0.0,0.0,0.0,0.0,0.0,0.0,0.0,1.0,1.0,1.0,1.0
1752711910.520676,0.0,0.0,0.0,0.0,0.0,0.0,0.0,0.0,0.0,0.0,0.0,0.0,0.0,0.0,0.0,0.0,0.0,0.0,0.0,0.0,0.0,0.0,0.0,0.0,0.0,0.0,0.0,0.0,0.0,0.0,0.0,0.0,1449.0,1437.0,1421.0,1417.0,1405.0,1399.0,1389.0,1395.0,1393.0,1391.0,1371.0,1379.0,1372.0,1379.0,1361.0,1367.0,0.0,0.0,0.0,0.0,0.0,0.0,0.0,0.0,0.0,0.0,0.0,0.0,0.0,0.0,0.0,0.0,0.9988764,1.0,1.0,1.0
1752711910.6281197,0.0,0.0,0.0,0.0,0.0,0.0,0.0,0.0,0.0,0.0,0.0,0.0,0.0,0.0,0.0,0.0,0.0,0.0,0.0,0.0,0.0,0.0,0.0,0.0,0.0,0.0,0.0,0.0,0.0,0.0,0.0,0.0,1507.0,1499.0,1489.0,1469.0,1475.0,1455.0,1439.0,1437.0,1433.0,1421.0,1407.0,1401.0,1389.0,1387.0,1375.0,1357.0,0.0,0.0,0.0,0.0,0.0,0.0,0.0,0.0,0.0,0.0,0.0,0.0,0.0,0.0,0.0,0.0,0.9991571,1.0,1.0,1.0
1752711910.7363389,0.0,0.0,0.0,0.0,0.0,0.0,0.0,0.0,0.0,0.0,0.0,0.0,0.0,0.0,0.0,0.0,0.0,0.0,0.0,0.0,0.0,0.0,0.0,0.0,0.0,0.0,0.0,0.0,0.0,0.0,0.0,0.0,1449.0,1437.0,1431.0,1427.0,1425.0,1415.0,1415.0,1417.0,1407.0,1427.0,1427.0,1429.0,1423.0,1426.0,1406.0,1415.0,0.0,0.0,0.0,0.0,0.0,0.0,0.0,0.0,0.0,0.0,0.0,0.0,0.0,0.0,0.0,0.0,0.9988764,1.0,1.0,0.999247
1752711910.8557894,0.0,0.0,0.0,0.0,0.0,0.0,0.0,0.0,0.0,0.0,0.0,0.0,0.0,0.0,0.0,0.0,0.0,0.0,0.0,0.0,0.0,0.0,0.0,0.0,0.0,0.0,0.0,0.0,0.0,0.0,0.0,0.0,1471.0,1451.0,1437.0,1431.0,1425.0,1417.0,1401.0,1391.0,1397.0,1387.0,1379.0,1373.0,1363.0,1359.0,1353.0,1349.0,0.0,0.0,0.0,0.0,0.0,0.0,0.0,0.0,0.0,0.0,0.0,0.0,0.0,0.0,0.0,0.0,1.0,1.0,1.0,1.0
1752711910.9652789,0.0,0.0,0.0,0.0,0.0,0.0,0.0,0.0,0.0,0.0,0.0,0.0,0.0,0.0,0.0,0.0,0.0,0.0,0.0,0.0,0.0,0.0,0.0,0.0,0.0,0.0,0.0,0.0,0.0,0.0,0.0,0.0,1485.0,1483.0,1467.0,1471.0,1463.0,1455.0,1455.0,1449.0,1444.0,1435.0,1433.0,1428.0,1429.0,1406.0,1419.0,1400.0,0.0,0.0,0.0,0.0,0.0,0.0,0.0,0.0,0.0,0.0,0.0,0.0,0.0,0.0,0.0,0.0,1.0,1.0,1.0,1.0
1752711911.0663133,0.0,0.0,0.0,0.0,0.0,0.0,0.0,0.0,0.0,0.0,0.0,0.0,0.0,0.0,0.0,0.0,0.0,0.0,0.0,0.0,0.0,0.0,0.0,7.0,0.0,0.0,0.0,0.0,0.0,0.0,0.0,0.0,1449.0,1433.0,1425.0,1421.0,1401.0,1400.0,1383.0,1395.0,1405.0,1381.0,1379.0,1375.0,1373.0,1379.0,1371.0,1369.0,0.0,0.0,0.0,0.0,0.0,0.0,0.0,0.0,0.0,0.0,0.0,0.0,0.0,0.0,0.0,0.0,1.0,1.0,1.0,1.0
1752711911.1823566,0.0,0.0,0.0,0.0,0.0,0.0,0.0,0.0,0.0,0.0,0.0,0.0,0.0,0.0,0.0,0.0,0.0,0.0,0.0,0.0,0.0,0.0,0.0,0.0,0.0,0.0,0.0,0.0,0.0,0.0,0.0,0.0,1511.0,1507.0,1489.0,1481.0,1492.0,1452.0,1444.0,1436.0,1434.0,1419.0,1415.0,1397.0,1387.0,1383.0,1369.0,1357.0,0.0,0.0,0.0,0.0,0.0,0.0,0.0,0.0,0.0,0.0,0.0,0.0,0.0,0.0,0.0,0.0,1.0,1.0,1.0,1.0
1752711911.2884219,0.0,0.0,0.0,0.0,0.0,0.0,0.0,0.0,0.0,0.0,0.0,0.0,0.0,0.0,0.0,0.0,0.0,0.0,0.0,0.0,0.0,0.0,0.0,0.0,0.0,0.0,0.0,0.0,0.0,0.0,0.0,0.0,1455.0,1450.0,1445.0,1445.0,1433.0,1435.0,1433.0,1431.0,1429.0,1427.0,1421.0,1421.0,1415.0,1425.0,1415.0,1407.0,0.0,0.0,0.0,0.0,0.0,0.0,0.0,0.0,0.0,0.0,0.0,0.0,0.0,0.0,0.0,0.0,1.0,1.0,1.0,1.0
1752711911.4063385,0.0,0.0,0.0,0.0,0.0,0.0,0.0,0.0,0.0,0.0,0.0,0.0,0.0,0.0,0.0,0.0,0.0,0.0,0.0,0.0,0.0,0.0,0.0,0.0,0.0,0.0,0.0,0.0,0.0,0.0,0.0,0.0,1481.0,1459.0,1447.0,1445.0,1431.0,1419.0,1406.0,1401.0,1405.0,1397.0,1389.0,1375.0,1367.0,1363.0,1367.0,1355.0,0.0,0.0,0.0,0.0,0.0,0.0,0.0,0.0,0.0,0.0,0.0,0.0,0.0,0.0,0.0,0.0,1.0,1.0,1.0,0.9990964
1752711911.5085654,0.0,0.0,0.0,0.0,0.0,0.0,0.0,0.0,0.0,0.0,0.0,0.0,0.0,0.0,8.0,0.0,0.0,0.0,0.0,0.0,0.0,0.0,0.0,0.0,0.0,0.0,0.0,0.0,0.0,0.0,0.0,0.0,1489.0,1477.0,1481.0,1479.0,1467.0,1465.0,1451.0,1453.0,1449.0,1439.0,1435.0,1423.0,1433.0,1429.0,1419.0,1405.0,0.0,0.0,0.0,0.0,0.0,0.0,0.0,0.0,0.0,0.0,0.0,0.0,0.0,0.0,0.0,0.0,1.0,1.0,1.0,0.9980421
1752711911.6174154,0.0,0.0,0.0,0.0,0.0,0.0,0.0,0.0,0.0,0.0,0.0,0.0,0.0,0.0,0.0,0.0,0.0,0.0,0.0,0.0,0.0,0.0,0.0,0.0,0.0,0.0,0.0,0.0,0.0,0.0,0.0,0.0,1449.0,1435.0,1427.0,1421.0,1404.0,1389.0,1391.0,1417.0,1403.0,1401.0,1385.0,1379.0,1373.0,1380.0,1374.0,1367.0,0.0,0.0,0.0,0.0,0.0,0.0,0.0,0.0,0.0,0.0,0.0,0.0,0.0,0.0,0.0,0.0,1.0,1.0,1.0,0.9995481
1752711911.7267628,0.0,0.0,0.0,0.0,0.0,0.0,0.0,0.0,0.0,0.0,0.0,0.0,0.0,0.0,0.0,0.0,0.0,0.0,0.0,0.0,0.0,0.0,0.0,0.0,0.0,0.0,0.0,0.0,0.0,0.0,0.0,0.0,1487.0,1492.0,1479.0,1477.0,1469.0,1449.0,1435.0,1425.0,1431.0,1428.0,1415.0,1401.0,1391.0,1383.0,1374.0,1353.0,0.0,0.0,0.0,0.0,0.0,0.0,0.0,0.0,0.0,0.0,0.0,0.0,0.0,0.0,0.0,0.0,0.9988764,1.0,1.0,1.0
1752711911.8425856,0.0,0.0,0.0,0.0,0.0,0.0,0.0,0.0,0.0,0.0,0.0,0.0,0.0,0.0,0.0,0.0,0.0,0.0,0.0,0.0,0.0,0.0,0.0,0.0,0.0,0.0,0.0,0.0,0.0,2.0,0.0,0.0,1471.0,1467.0,1467.0,1459.0,1461.0,1461.0,1455.0,1447.0,1445.0,1439.0,1429.0,1420.0,1420.0,1427.0,1397.0,1400.0,0.0,0.0,0.0,0.0,0.0,0.0,0.0,0.0,0.0,0.0,0.0,0.0,0.0,0.0,0.0,0.0,1.0,1.0,1.0,1.0
1752711911.9843526,0.0,0.0,0.0,0.0,0.0,0.0,0.0,0.0,0.0,0.0,0.0,0.0,0.0,0.0,0.0,0.0,0.0,0.0,0.0,0.0,0.0,0.0,0.0,0.0,0.0,0.0,0.0,0.0,0.0,0.0,0.0,0.0,1464.0,1443.0,1437.0,1433.0,1421.0,1417.0,1405.0,1401.0,1427.0,1365.0,1391.0,1387.0,1375.0,1387.0,1389.0,1383.0,0.0,0.0,0.0,0.0,0.0,0.0,0.0,0.0,0.0,0.0,0.0,0.0,0.0,0.0,0.0,0.0,1.0,1.0,1.0,1.0
1752711912.078089,0.0,0.0,0.0,0.0,0.0,0.0,0.0,0.0,0.0,0.0,0.0,0.0,0.0,0.0,0.0,0.0,0.0,0.0,0.0,0.0,0.0,0.0,0.0,0.0,0.0,0.0,0.0,0.0,0.0,0.0,0.0,0.0,1497.0,1513.0,1517.0,1501.0,1464.0,1463.0,1451.0,1439.0,1439.0,1430.0,1427.0,1404.0,1397.0,1391.0,1381.0,1367.0,0.0,0.0,0.0,4.0,0.0,0.0,0.0,0.0,0.0,0.0,0.0,0.0,0.0,0.0,0.0,0.0,1.0,1.0,1.0,1.0
1752711912.1995146,0.0,0.0,0.0,0.0,0.0,0.0,0.0,0.0,0.0,0.0,0.0,0.0,0.0,0.0,0.0,0.0,0.0,0.0,0.0,0.0,0.0,0.0,0.0,0.0,0.0,0.0,0.0,0.0,0.0,0.0,0.0,0.0,1443.0,1433.0,1429.0,1423.0,1415.0,1413.0,1405.0,1415.0,1405.0,1415.0,1403.0,1401.0,1397.0,1399.0,1399.0,1380.0,0.0,0.0,0.0,0.0,0.0,0.0,0.0,0.0,0.0,0.0,0.0,0.0,0.0,0.0,0.0,0.0,1.0,1.0,1.0,1.0
1752711912.2967372,0.0,0.0,0.0,0.0,0.0,0.0,0.0,0.0,0.0,0.0,0.0,0.0,0.0,0.0,0.0,0.0,0.0,0.0,0.0,0.0,0.0,0.0,0.0,0.0,0.0,0.0,0.0,0.0,0.0,0.0,0.0,0.0,1461.0,1443.0,1433.0,1425.0,1412.0,1403.0,1395.0,1379.0,1387.0,1379.0,1383.0,1359.0,1353.0,1355.0,1349.0,1336.0,0.0,0.0,0.0,0.0,0.0,0.0,0.0,0.0,0.0,0.0,0.0,0.0,0.0,0.0,0.0,0.0,1.0,1.0,1.0,1.0
1752711912.4231017,0.0,0.0,0.0,0.0,0.0,0.0,0.0,0.0,0.0,0.0,0.0,0.0,0.0,0.0,0.0,0.0,0.0,0.0,0.0,0.0,0.0,0.0,0.0,0.0,0.0,0.0,0.0,0.0,0.0,0.0,0.0,0.0,1469.0,1454.0,1459.0,1453.0,1453.0,1445.0,1439.0,1451.0,1433.0,1423.0,1421.0,1407.0,1389.0,1421.0,1395.0,1387.0,0.0,0.0,0.0,0.0,0.0,0.0,0.0,0.0,0.0,0.0,0.0,0.0,0.0,0.0,0.0,3.0,1.0,1.0,1.0,1.0
1752711912.5207121,0.0,0.0,0.0,0.0,0.0,0.0,0.0,0.0,0.0,0.0,0.0,0.0,0.0,0.0,0.0,0.0,0.0,0.0,0.0,0.0,0.0,0.0,0.0,0.0,0.0,0.0,0.0,0.0,0.0,0.0,0.0,0.0,1429.0,1415.0,1401.0,1399.0,1389.0,1395.0,1366.0,1379.0,1375.0,1379.0,1364.0,1366.0,1361.0,1369.0,1363.0,1353.0,0.0,0.0,0.0,0.0,0.0,0.0,0.0,0.0,0.0,0.0,0.0,0.0,0.0,0.0,0.0,0.0,1.0,1.0,1.0,1.0
1752711912.6247241,0.0,0.0,0.0,0.0,0.0,0.0,0.0,0.0,0.0,0.0,0.0,0.0,0.0,0.0,0.0,0.0,0.0,0.0,0.0,0.0,0.0,0.0,0.0,0.0,0.0,0.0,0.0,0.0,0.0,0.0,0.0,0.0,1645.0,1631.0,1607.0,1625.0,1609.0,1579.0,1573.0,1595.0,1595.0,1587.0,1575.0,1567.0,1553.0,1547.0,1529.0,1517.0,0.0,0.0,0.0,0.0,0.0,0.0,0.0,0.0,0.0,0.0,0.0,0.0,0.0,0.0,0.0,0.0,1.0,1.0,1.0,1.0
1752711912.734622,0.0,0.0,0.0,0.0,0.0,0.0,0.0,0.0,0.0,0.0,0.0,0.0,0.0,0.0,0.0,0.0,0.0,0.0,0.0,0.0,0.0,0.0,0.0,0.0,0.0,0.0,0.0,0.0,0.0,0.0,0.0,0.0,1479.0,1465.0,1461.0,1455.0,1453.0,1445.0,1451.0,1455.0,1461.0,1455.0,1455.0,1455.0,1453.0,1459.0,1459.0,1457.0,0.0,0.0,0.0,0.0,0.0,0.0,0.0,0.0,0.0,0.0,0.0,0.0,0.0,0.0,0.0,0.0,0.9991571,1.0,1.0,0.9995481
1752711912.8521893,0.0,0.0,0.0,0.0,0.0,0.0,0.0,0.0,0.0,0.0,0.0,0.0,0.0,0.0,0.0,0.0,0.0,0.0,0.0,0.0,0.0,0.0,0.0,0.0,0.0,0.0,0.0,0.0,0.0,0.0,0.0,0.0,1461.0,1439.0,1435.0,1431.0,1419.0,1405.0,1389.0,1405.0,1403.0,1400.0,1389.0,1399.0,1386.0,1391.0,1391.0,1371.0,0.0,0.0,0.0,0.0,0.0,0.0,0.0,0.0,0.0,0.0,0.0,0.0,0.0,0.0,0.0,0.0,0.9980338,1.0,1.0,0.9996988
1752711912.964416,0.0,0.0,0.0,0.0,0.0,0.0,0.0,0.0,0.0,0.0,0.0,0.0,0.0,0.0,0.0,0.0,0.0,0.0,0.0,0.0,0.0,0.0,0.0,0.0,0.0,0.0,0.0,0.0,54.0,0.0,0.0,0.0,1495.0,1486.0,1481.0,1477.0,1467.0,1466.0,1459.0,1455.0,1449.0,1445.0,1436.0,1443.0,1427.0,1420.0,1429.0,1407.0,0.0,0.0,0.0,0.0,0.0,0.0,0.0,0.0,0.0,0.0,0.0,0.0,0.0,0.0,0.0,0.0,1.0,1.0,1.0,1.0
1752711913.067248,0.0,0.0,0.0,0.0,0.0,0.0,0.0,0.0,0.0,0.0,0.0,0.0,0.0,0.0,0.0,0.0,0.0,0.0,0.0,0.0,0.0,0.0,0.0,0.0,0.0,0.0,0.0,0.0,0.0,0.0,0.0,0.0,1431.0,1419.0,1407.0,1400.0,1396.0,1397.0,1381.0,1375.0,1385.0,1367.0,1371.0,1374.0,1369.0,1369.0,1371.0,1359.0,0.0,0.0,0.0,0.0,0.0,0.0,0.0,0.0,0.0,0.0,0.0,0.0,0.0,0.0,0.0,0.0,1.0,1.0,1.0,1.0
1752711913.1747565,0.0,0.0,0.0,0.0,0.0,0.0,0.0,0.0,0.0,0.0,0.0,0.0,0.0,0.0,0.0,0.0,0.0,0.0,0.0,0.0,0.0,0.0,0.0,0.0,0.0,0.0,0.0,0.0,0.0,0.0,0.0,0.0,1507.0,1461.0,1483.0,1470.0,1467.0,1453.0,1439.0,1451.0,1451.0,1445.0,1439.0,1433.0,1407.0,1417.0,1405.0,1395.0,0.0,0.0,0.0,0.0,0.0,0.0,0.0,0.0,0.0,0.0,0.0,0.0,0.0,0.0,0.0,0.0,1.0,1.0,1.0,1.0
1752711913.2988837,0.0,0.0,0.0,0.0,0.0,0.0,0.0,0.0,0.0,0.0,0.0,0.0,0.0,0.0,0.0,0.0,0.0,0.0,0.0,0.0,0.0,0.0,0.0,0.0,0.0,0.0,0.0,0.0,0.0,0.0,0.0,0.0,1437.0,1436.0,1433.0,1427.0,1421.0,1419.0,1436.0,1421.0,1421.0,1415.0,1417.0,1399.0,1407.0,1407.0,1415.0,1419.0,0.0,0.0,0.0,0.0,0.0,0.0,0.0,0.0,0.0,0.0,0.0,0.0,0.0,0.0,0.0,0.0,1.0,1.0,1.0,1.0
1752711913.3970184,0.0,0.0,0.0,0.0,0.0,0.0,0.0,0.0,0.0,0.0,0.0,0.0,0.0,0.0,0.0,0.0,0.0,0.0,0.0,0.0,0.0,0.0,0.0,0.0,0.0,0.0,0.0,0.0,0.0,0.0,0.0,0.0,1463.0,1445.0,1446.0,1428.0,1415.0,1401.0,1391.0,1391.0,1391.0,1379.0,1373.0,1365.0,1353.0,1353.0,1341.0,1339.0,0.0,0.0,0.0,0.0,0.0,0.0,0.0,0.0,0.0,0.0,0.0,0.0,0.0,0.0,0.0,0.0,1.0,1.0,1.0,1.0
1752711913.5048833,0.0,0.0,0.0,0.0,0.0,0.0,10.0,0.0,0.0,0.0,0.0,0.0,0.0,0.0,0.0,0.0,0.0,0.0,0.0,0.0,0.0,0.0,0.0,0.0,0.0,0.0,0.0,0.0,0.0,0.0,0.0,0.0,1492.0,1479.0,1468.0,1467.0,1461.0,1785.0,1453.0,1449.0,1444.0,1437.0,1435.0,1435.0,1387.0,1417.0,1414.0,1385.0,0.0,0.0,0.0,0.0,0.0,0.0,0.0,0.0,0.0,0.0,0.0,0.0,0.0,0.0,0.0,0.0,1.0,1.0,1.0,1.0
1752711913.6157355,0.0,0.0,0.0,0.0,0.0,0.0,0.0,0.0,0.0,0.0,0.0,0.0,0.0,0.0,0.0,0.0,0.0,0.0,6.0,0.0,0.0,0.0,0.0,0.0,0.0,0.0,0.0,0.0,0.0,0.0,0.0,0.0,1439.0,1413.0,1415.0,1407.0,1399.0,1406.0,1389.0,1391.0,1383.0,1387.0,1385.0,1379.0,1375.0,1381.0,1375.0,1377.0,0.0,0.0,0.0,0.0,1.0,0.0,0.0,0.0,0.0,0.0,0.0,0.0,0.0,0.0,0.0,0.0,1.0,1.0,1.0,1.0
1752711913.7405977,0.0,0.0,0.0,0.0,0.0,0.0,0.0,0.0,0.0,0.0,0.0,0.0,0.0,0.0,0.0,0.0,0.0,0.0,0.0,0.0,0.0,0.0,0.0,0.0,0.0,0.0,0.0,0.0,0.0,0.0,0.0,0.0,1501.0,1499.0,1485.0,1483.0,1455.0,1444.0,1431.0,1428.0,1421.0,1413.0,1399.0,1387.0,1375.0,1369.0,1357.0,1352.0,0.0,0.0,0.0,0.0,0.0,0.0,0.0,0.0,0.0,0.0,0.0,0.0,0.0,0.0,0.0,0.0,1.0,1.0,1.0,1.0
1752711913.837411,0.0,0.0,0.0,0.0,0.0,0.0,0.0,0.0,0.0,0.0,0.0,0.0,0.0,0.0,0.0,0.0,0.0,0.0,0.0,0.0,0.0,0.0,0.0,0.0,0.0,0.0,0.0,0.0,0.0,0.0,0.0,0.0,1438.0,1431.0,1427.0,1421.0,1417.0,1417.0,1413.0,1417.0,1427.0,1422.0,1425.0,1397.0,1400.0,1407.0,1406.0,1415.0,0.0,0.0,0.0,0.0,0.0,0.0,0.0,0.0,0.0,0.0,0.0,0.0,0.0,0.0,0.0,0.0,1.0,1.0,1.0,1.0
1752711913.9506352,0.0,0.0,0.0,0.0,0.0,0.0,0.0,0.0,0.0,0.0,0.0,0.0,0.0,0.0,0.0,0.0,0.0,0.0,0.0,0.0,0.0,0.0,0.0,0.0,0.0,0.0,0.0,0.0,0.0,0.0,0.0,0.0,1453.0,1435.0,1427.0,1403.0,1391.0,1375.0,1373.0,1371.0,1373.0,1371.0,1366.0,1358.0,1401.0,1353.0,1367.0,1335.0,0.0,0.0,0.0,0.0,0.0,0.0,0.0,0.0,0.0,0.0,0.0,0.0,0.0,0.0,0.0,0.0,1.0,1.0,1.0,1.0
1752711914.0694232,0.0,0.0,0.0,0.0,0.0,0.0,0.0,0.0,0.0,0.0,0.0,0.0,0.0,0.0,0.0,0.0,0.0,0.0,0.0,0.0,0.0,0.0,0.0,0.0,0.0,0.0,0.0,0.0,0.0,0.0,0.0,0.0,1515.0,1499.0,1493.0,1487.0,1517.0,1469.0,1455.0,1451.0,1459.0,1445.0,1433.0,1427.0,1429.0,1428.0,1438.0,1391.0,0.0,0.0,0.0,0.0,0.0,0.0,0.0,0.0,0.0,0.0,0.0,0.0,0.0,0.0,0.0,0.0,1.0,1.0,1.0,1.0
1752711914.1649182,0.0,0.0,0.0,0.0,0.0,0.0,0.0,0.0,0.0,0.0,0.0,0.0,0.0,0.0,0.0,0.0,0.0,0.0,0.0,0.0,0.0,0.0,0.0,0.0,0.0,0.0,0.0,0.0,0.0,0.0,0.0,0.0,1420.0,1427.0,1417.0,1415.0,1385.0,1385.0,1385.0,1391.0,1385.0,1375.0,1379.0,1371.0,1375.0,1373.0,1373.0,1366.0,0.0,0.0,0.0,0.0,0.0,0.0,0.0,0.0,0.0,0.0,0.0,0.0,0.0,0.0,0.0,0.0,1.0,1.0,1.0,1.0
1752711914.274941,0.0,0.0,0.0,0.0,0.0,0.0,0.0,0.0,0.0,0.0,0.0,0.0,0.0,0.0,0.0,0.0,0.0,0.0,0.0,0.0,0.0,0.0,0.0,0.0,0.0,0.0,0.0,0.0,0.0,0.0,0.0,0.0,1517.0,1530.0,1499.0,1471.0,1466.0,1450.0,1437.0,1422.0,1432.0,1415.0,1405.0,1387.0,1375.0,1381.0,1365.0,1355.0,0.0,0.0,0.0,0.0,0.0,0.0,0.0,0.0,0.0,0.0,0.0,0.0,0.0,0.0,0.0,0.0,1.0,1.0,1.0,1.0
1752711914.3875835,0.0,0.0,0.0,0.0,0.0,0.0,0.0,0.0,0.0,0.0,0.0,0.0,0.0,0.0,0.0,0.0,0.0,0.0,0.0,0.0,0.0,0.0,0.0,0.0,0.0,0.0,0.0,0.0,0.0,0.0,0.0,0.0,1487.0,1479.0,1477.0,1479.0,1465.0,1463.0,1464.0,1461.0,1469.0,1449.0,1453.0,1451.0,1447.0,1467.0,1438.0,1429.0,0.0,0.0,0.0,0.0,0.0,0.0,0.0,0.0,0.0,0.0,0.0,0.0,0.0,0.0,0.0,0.0,1.0,0.9983986,1.0,1.0
1752711914.4983218,0.0,0.0,0.0,0.0,0.0,0.0,0.0,0.0,0.0,0.0,0.0,0.0,0.0,0.0,0.0,0.0,0.0,0.0,0.0,0.0,0.0,0.0,0.0,0.0,0.0,0.0,0.0,0.0,0.0,0.0,0.0,0.0,1461.0,1443.0,1431.0,1421.0,1407.0,1416.0,1384.0,1391.0,1391.0,1387.0,1379.0,1368.0,1361.0,1364.0,1357.0,1351.0,0.0,0.0,0.0,0.0,0.0,0.0,0.0,0.0,0.0,0.0,0.0,0.0,0.0,0.0,0.0,0.0,1.0,1.0,1.0,1.0
1752711914.608277,0.0,0.0,0.0,0.0,0.0,0.0,0.0,0.0,0.0,0.0,0.0,0.0,0.0,0.0,0.0,0.0,0.0,0.0,0.0,0.0,0.0,0.0,0.0,0.0,0.0,0.0,0.0,0.0,0.0,0.0,0.0,0.0,1509.0,1519.0,1499.0,1486.0,1486.0,1481.0,1481.0,1452.0,1455.0,1451.0,1463.0,1433.0,1427.0,1427.0,1405.0,1399.0,0.0,0.0,0.0,0.0,0.0,0.0,0.0,0.0,0.0,0.0,0.0,0.0,0.0,0.0,0.0,0.0,1.0,1.0,1.0,1.0
1752711914.7175598,0.0,0.0,0.0,0.0,0.0,0.0,0.0,0.0,0.0,0.0,0.0,0.0,0.0,0.0,0.0,0.0,0.0,0.0,0.0,0.0,0.0,0.0,0.0,0.0,0.0,0.0,0.0,0.0,0.0,0.0,0.0,0.0,1435.0,1427.0,1407.0,1384.0,1389.0,1387.0,1381.0,1379.0,1361.0,1381.0,1385.0,1383.0,1381.0,1389.0,1383.0,1399.0,0.0,0.0,0.0,0.0,0.0,0.0,0.0,0.0,0.0,0.0,0.0,0.0,0.0,0.0,0.0,0.0,1.0,1.0,1.0,1.0
1752711914.829245,0.0,0.0,0.0,0.0,0.0,0.0,0.0,0.0,0.0,0.0,0.0,0.0,0.0,0.0,0.0,0.0,0.0,0.0,0.0,0.0,0.0,0.0,0.0,0.0,0.0,0.0,0.0,0.0,0.0,0.0,0.0,0.0,1515.0,1525.0,1497.0,1479.0,1461.0,1439.0,1421.0,1421.0,1425.0,1405.0,1395.0,1383.0,1364.0,1371.0,1357.0,1343.0,2.0,0.0,0.0,0.0,0.0,0.0,0.0,0.0,0.0,0.0,0.0,0.0,0.0,0.0,0.0,0.0,1.0,1.0,1.0,1.0
1752711914.9376237,0.0,0.0,0.0,0.0,0.0,0.0,0.0,0.0,0.0,0.0,0.0,0.0,0.0,0.0,0.0,0.0,0.0,0.0,0.0,0.0,0.0,0.0,0.0,0.0,0.0,0.0,0.0,0.0,0.0,4.0,0.0,0.0,1479.0,1479.0,1465.0,1462.0,1453.0,1457.0,1469.0,1459.0,1455.0,1450.0,1449.0,1440.0,1435.0,1437.0,1432.0,1419.0,0.0,0.0,0.0,0.0,0.0,0.0,0.0,0.0,0.0,0.0,0.0,0.0,0.0,0.0,0.0,0.0,1.0,1.0,1.0,1.0
1752711915.0591471,0.0,0.0,0.0,0.0,0.0,0.0,0.0,0.0,0.0,0.0,0.0,0.0,0.0,0.0,0.0,0.0,0.0,0.0,0.0,0.0,0.0,0.0,0.0,0.0,0.0,0.0,0.0,0.0,0.0,0.0,0.0,0.0,1511.0,1511.0,1501.0,1499.0,1492.0,1499.0,1475.0,1465.0,1463.0,1452.0,1435.0,1459.0,1453.0,1433.0,1433.0,1419.0,0.0,0.0,0.0,0.0,0.0,0.0,0.0,0.0,0.0,0.0,0.0,0.0,0.0,0.0,0.0,0.0,1.0,1.0,1.0,1.0
1752711915.16852,0.0,0.0,0.0,0.0,0.0,0.0,0.0,0.0,0.0,0.0,0.0,0.0,0.0,0.0,0.0,0.0,0.0,0.0,0.0,0.0,0.0,0.0,0.0,0.0,0.0,0.0,0.0,0.0,0.0,0.0,0.0,0.0,1437.0,1427.0,1417.0,1455.0,1397.0,1391.0,1383.0,1397.0,1389.0,1369.0,1385.0,1387.0,1384.0,1389.0,1397.0,1383.0,0.0,0.0,0.0,0.0,0.0,0.0,0.0,0.0,0.0,0.0,0.0,0.0,0.0,0.0,0.0,0.0,1.0,1.0,1.0,0.9998494
1752711915.2799683,7.0,0.0,0.0,0.0,0.0,0.0,0.0,0.0,0.0,0.0,0.0,0.0,0.0,0.0,0.0,0.0,0.0,0.0,0.0,0.0,0.0,0.0,0.0,0.0,0.0,0.0,0.0,0.0,0.0,0.0,0.0,0.0,1560.0,1515.0,1498.0,1483.0,1455.0,1443.0,1419.0,1407.0,1419.0,1400.0,1387.0,1381.0,1361.0,1359.0,1361.0,1341.0,0.0,0.0,0.0,0.0,0.0,0.0,0.0,0.0,0.0,0.0,0.0,0.0,0.0,0.0,0.0,0.0,1.0,1.0,1.0,1.0
1752711915.389042,0.0,0.0,0.0,0.0,0.0,0.0,0.0,0.0,0.0,0.0,0.0,0.0,0.0,0.0,0.0,0.0,0.0,0.0,0.0,0.0,0.0,0.0,0.0,0.0,0.0,0.0,0.0,0.0,0.0,0.0,0.0,0.0,1453.0,1449.0,1448.0,1447.0,1439.0,1440.0,1439.0,1447.0,1443.0,1433.0,1433.0,1429.0,1421.0,1432.0,1430.0,1425.0,0.0,0.0,0.0,0.0,0.0,0.0,0.0,0.0,0.0,0.0,0.0,0.0,0.0,0.0,0.0,0.0,1.0,1.0,1.0,1.0
