timestamp,R0C0,R0C1,R0C2,R0C3,R0C4,R0C5,R0C6,R0C7,R0C8,R0C9,R0C10,R0C11,R0C12,R0C13,R0C14,R1C0,R1C1,R1C2,R1C3,R1C4,R1C5,R1C6,R1C7,R1C8,R1C9,R1C10,R1C11,R1C12,R1C13,R1C14,R2C0,R2C1,R2C2,R2C3,R2C4,R2C5,R2C6,R2C7,R2C8,R2C9,R2C10,R2C11,R2C12,R2C13,R2C14,R3C0,R3C1,R3C2,R3C3,R3C4,R3C5,R3C6,R3C7,R3C8,R3C9,R3C10,R3C11,R3C12,R3C13,R3C14
1751854105.0468974,2056,2056,2056,2056,2056,2056,2056,2056,2056,2056,2056,2056,2056,2056,2056,2056,2056,2056,2056,2056,2056,2056,2056,2056,2056,2056,2056,2056,2056,2056,2056,2056,2056,2056,2056,2056,2056,2056,2056,2056,2056,2056,2056,2056,2056,2056,2056,2056,2056,2056,2056,2056,2056,2056,2056,2056,2056,2056,2056,2056
1751854105.0469158,2066,2066,2066,2066,2066,2066,2066,2066,2066,2066,2066,2066,2066,2066,2066,2066,2066,2066,2066,2066,2066,2066,2066,2066,2066,2066,2066,2066,2066,2066,2066,2066,2066,2066,2066,2066,2066,2066,2066,2066,2066,2066,2066,2066,2066,2066,2066,2066,2066,2066,2066,2066,2066,2066,2066,2066,2066,2066,2066,2066
1751854105.240059,2076,2076,2076,2076,2076,2076,2076,2076,2076,2076,2076,2076,2076,2076,2076,2076,2076,2076,2076,2076,2076,2076,2076,2076,2076,2076,2076,2076,2076,2076,2076,2076,2076,2076,2076,2076,2076,2076,2076,2076,2076,2076,2076,2076,2076,2076,2076,2076,2076,2076,2076,2076,2076,2076,2076,2076,2076,2076,2076,2076
1751854105.240078,2086,2086,2086,2086,2086,2086,2086,2086,2086,2086,2086,2086,2086,2086,2086,2086,2086,2086,2086,2086,2086,2086,2086,2086,2086,2086,2086,2086,2086,2086,2086,2086,2086,2086,2086,2086,2086,2086,2086,2086,2086,2086,2086,2086,2086,2086,2086,2086,2086,2086,2086,2086,2086,2086,2086,2086,2086,2086,2086,2086
1751854105.3595624,2097,2097,2097,2097,2097,2097,2097,2097,2097,2097,2097,2097,2097,2097,2097,2097,2097,2097,2097,2097,2097,2097,2097,2097,2097,2097,2097,2097,2097,2097,2097,2097,2097,2097,2097,2097,2097,2097,2097,2097,2097,2097,2097,2097,2097,2097,2097,2097,2097,2097,2097,2097,2097,2097,2097,2097,2097,2097,2097,2097
1751854105.483403,2107,2107,2107,2107,2107,2107,2107,2107,2107,2107,2107,2107,2107,2107,2107,2107,2107,2107,2107,2107,2107,2107,2107,2107,2107,2107,2107,2107,2107,2107,2107,2107,2107,2107,2107,2107,2107,2107,2107,2107,2107,2107,2107,2107,2107,2107,2107,2107,2107,2107,2107,2107,2107,2107,2107,2107,2107,2107,2107,2107
1751854105.549383,2117,2117,2117,2117,2117,2117,2117,2117,2117,2117,2117,2117,2117,2117,2117,2117,2117,2117,2117,2117,2117,2117,2117,2117,2117,2117,2117,2117,2117,2117,2117,2117,2117,2117,2117,2117,2117,2117,2117,2117,2117,2117,2117,2117,2117,2117,2117,2117,2117,2117,2117,2117,2117,2117,2117,2117,2117,2117,2117,2117
1751854105.6713018,2127,2127,2127,2127,2127,2127,2127,2127,2127,2127,2127,2127,2127,2127,2127,2127,2127,2127,2127,2127,2127,2127,2127,2127,2127,2127,2127,2127,2127,2127,2127,2127,2127,2127,2127,2127,2127,2127,2127,2127,2127,2127,2127,2127,2127,2127,2127,2127,2127,2127,2127,2127,2127,2127,2127,2127,2127,2127,2127,2127
1751854105.7974963,2137,2137,2137,2137,2137,2137,2137,2137,2137,2137,2137,2137,2137,2137,2137,2137,2137,2137,2137,2137,2137,2137,2137,2137,2137,2137,2137,2137,2137,2137,2137,2137,2137,2137,2137,2137,2137,2137,2137,2137,2137,2137,2137,2137,2137,2137,2137,2137,2137,2137,2137,2137,2137,2137,2137,2137,2137,2137,2137,2137
1751854105.862812,2148,2148,2148,2148,2148,2148,2148,2148,2148,2148,2148,2148,2148,2148,2148,2148,2148,2148,2148,2148,2148,2148,2148,2148,2148,2148,2148,2148,2148,2148,2148,2148,2148,2148,2148,2148,2148,2148,2148,2148,2148,2148,2148,2148,2148,2148,2148,2148,2148,2148,2148,2148,2148,2148,2148,2148,2148,2148,2148,2148
1751854105.9999208,2158,2158,2158,2158,2158,2158,2158,2158,2158,2158,2158,2158,2158,2158,2158,2158,2158,2158,2158,2158,2158,2158,2158,2158,2158,2158,2158,2158,2158,2158,2158,2158,2158,2158,2158,2158,2158,2158,2158,2158,2158,2158,2158,2158,2158,2158,2158,2158,2158,2158,2158,2158,2158,2158,2158,2158,2158,2158,2158,2158
1751854106.0617683,2168,2168,2168,2168,2168,2168,2168,2168,2168,2168,2168,2168,2168,2168,2168,2168,2168,2168,2168,2168,2168,2168,2168,2168,2168,2168,2168,2168,2168,2168,2168,2168,2168,2168,2168,2168,2168,2168,2168,2168,2168,2168,2168,2168,2168,2168,2168,2168,2168,2168,2168,2168,2168,2168,2168,2168,2168,2168,2168,2168
1751854106.1871557,2178,2178,2178,2178,2178,2178,2178,2178,2178,2178,2178,2178,2178,2178,2178,2178,2178,2178,2178,2178,2178,2178,2178,2178,2178,2178,2178,2178,2178,2178,2178,2178,2178,2178,2178,2178,2178,2178,2178,2178,2178,2178,2178,2178,2178,2178,2178,2178,2178,2178,2178,2178,2178,2178,2178,2178,2178,2178,2178,2178
1751854106.3131628,2189,2189,2189,2189,2189,2189,2189,2189,2189,2189,2189,2189,2189,2189,2189,2189,2189,2189,2189,2189,2189,2189,2189,2189,2189,2189,2189,2189,2189,2189,2189,2189,2189,2189,2189,2189,2189,2189,2189,2189,2189,2189,2189,2189,2189,2189,2189,2189,2189,2189,2189,2189,2189,2189,2189,2189,2189,2189,2189,2189
1751854106.3751805,2199,2199,2199,2199,2199,2199,2199,2199,2199,2199,2199,2199,2199,2199,2199,2199,2199,2199,2199,2199,2199,2199,2199,2199,2199,2199,2199,2199,2199,2199,2199,2199,2199,2199,2199,2199,2199,2199,2199,2199,2199,2199,2199,2199,2199,2199,2199,2199,2199,2199,2199,2199,2199,2199,2199,2199,2199,2199,2199,2199
1751854106.5001762,2209,2209,2209,2209,2209,2209,2209,2209,2209,2209,2209,2209,2209,2209,2209,2209,2209,2209,2209,2209,2209,2209,2209,2209,2209,2209,2209,2209,2209,2209,2209,2209,2209,2209,2209,2209,2209,2209,2209,2209,2209,2209,2209,2209,2209,2209,2209,2209,2209,2209,2209,2209,2209,2209,2209,2209,2209,2209,2209,2209
1751854106.5742347,2219,2219,2219,2219,2219,2219,2219,2219,2219,2219,2219,2219,2219,2219,2219,2219,2219,2219,2219,2219,2219,2219,2219,2219,2219,2219,2219,2219,2219,2219,2219,2219,2219,2219,2219,2219,2219,2219,2219,2219,2219,2219,2219,2219,2219,2219,2219,2219,2219,2219,2219,2219,2219,2219,2219,2219,2219,2219,2219,2219
1751854106.6869085,2229,2229,2229,2229,2229,2229,2229,2229,2229,2229,2229,2229,2229,2229,2229,2229,2229,2229,2229,2229,2229,2229,2229,2229,2229,2229,2229,2229,2229,2229,2229,2229,2229,2229,2229,2229,2229,2229,2229,2229,2229,2229,2229,2229,2229,2229,2229,2229,2229,2229,2229,2229,2229,2229,2229,2229,2229,2229,2229,2229
1751854106.8130891,2240,2240,2240,2240,2240,2240,2240,2240,2240,2240,2240,2240,2240,2240,2240,2240,2240,2240,2240,2240,2240,2240,2240,2240,2240,2240,2240,2240,2240,2240,2240,2240,2240,2240,2240,2240,2240,2240,2240,2240,2240,2240,2240,2240,2240,2240,2240,2240,2240,2240,2240,2240,2240,2240,2240,2240,2240,2240,2240,2240
1751854106.8761702,2050,2050,2050,2050,2050,2050,2050,2050,2050,2050,2050,2050,2050,2050,2050,2050,2050,2050,2050,2050,2050,2050,2050,2050,2050,2050,2050,2050,2050,2050,2050,2050,2050,2050,2050,2050,2050,2050,2050,2050,2050,2050,2050,2050,2050,2050,2050,2050,2050,2050,2050,2050,2050,2050,2050,2050,2050,2050,2050,2050
1751854107.0154233,2060,2060,2060,2060,2060,2060,2060,2060,2060,2060,2060,2060,2060,2060,2060,2060,2060,2060,2060,2060,2060,2060,2060,2060,2060,2060,2060,2060,2060,2060,2060,2060,2060,2060,2060,2060,2060,2060,2060,2060,2060,2060,2060,2060,2060,2060,2060,2060,2060,2060,2060,2060,2060,2060,2060,2060,2060,2060,2060,2060
1751854107.077598,2070,2070,2070,2070,2070,2070,2070,2070,2070,2070,2070,2070,2070,2070,2070,2070,2070,2070,2070,2070,2070,2070,2070,2070,2070,2070,2070,2070,2070,2070,2070,2070,2070,2070,2070,2070,2070,2070,2070,2070,2070,2070,2070,2070,2070,2070,2070,2070,2070,2070,2070,2070,2070,2070,2070,2070,2070,2070,2070,2070
1751854107.20297,2081,2081,2081,2081,2081,2081,2081,2081,2081,2081,2081,2081,2081,2081,2081,2081,2081,2081,2081,2081,2081,2081,2081,2081,2081,2081,2081,2081,2081,2081,2081,2081,2081,2081,2081,2081,2081,2081,2081,2081,2081,2081,2081,2081,2081,2081,2081,2081,2081,2081,2081,2081,2081,2081,2081,2081,2081,2081,2081,2081
1751854107.3277428,2091,2091,2091,2091,2091,2091,2091,2091,2091,2091,2091,2091,2091,2091,2091,2091,2091,2091,2091,2091,2091,2091,2091,2091,2091,2091,2091,2091,2091,2091,2091,2091,2091,2091,2091,2091,2091,2091,2091,2091,2091,2091,2091,2091,2091,2091,2091,2091,2091,2091,2091,2091,2091,2091,2091,2091,2091,2091,2091,2091
1751854107.3900142,2101,2101,2101,2101,2101,2101,2101,2101,2101,2101,2101,2101,2101,2101,2101,2101,2101,2101,2101,2101,2101,2101,2101,2101,2101,2101,2101,2101,2101,2101,2101,2101,2101,2101,2101,2101,2101,2101,2101,2101,2101,2101,2101,2101,2101,2101,2101,2101,2101,2101,2101,2101,2101,2101,2101,2101,2101,2101,2101,2101
1751854107.5153105,2111,2111,2111,2111,2111,2111,2111,2111,2111,2111,2111,2111,2111,2111,2111,2111,2111,2111,2111,2111,2111,2111,2111,2111,2111,2111,2111,2111,2111,2111,2111,2111,2111,2111,2111,2111,2111,2111,2111,2111,2111,2111,2111,2111,2111,2111,2111,2111,2111,2111,2111,2111,2111,2111,2111,2111,2111,2111,2111,2111
1751854107.6400309,2121,2121,2121,2121,2121,2121,2121,2121,2121,2121,2121,2121,2121,2121,2121,2121,2121,2121,2121,2121,2121,2121,2121,2121,2121,2121,2121,2121,2121,2121,2121,2121,2121,2121,2121,2121,2121,2121,2121,2121,2121,2121,2121,2121,2121,2121,2121,2121,2121,2121,2121,2121,2121,2121,2121,2121,2121,2121,2121,2121
1751854107.7034307,2132,2132,2132,2132,2132,2132,2132,2132,2132,2132,2132,2132,2132,2132,2132,2132,2132,2132,2132,2132,2132,2132,2132,2132,2132,2132,2132,2132,2132,2132,2132,2132,2132,2132,2132,2132,2132,2132,2132,2132,2132,2132,2132,2132,2132,2132,2132,2132,2132,2132,2132,2132,2132,2132,2132,2132,2132,2132,2132,2132
1751854107.8280542,2142,2142,2142,2142,2142,2142,2142,2142,2142,2142,2142,2142,2142,2142,2142,2142,2142,2142,2142,2142,2142,2142,2142,2142,2142,2142,2142,2142,2142,2142,2142,2142,2142,2142,2142,2142,2142,2142,2142,2142,2142,2142,2142,2142,2142,2142,2142,2142,2142,2142,2142,2142,2142,2142,2142,2142,2142,2142,2142,2142
1751854107.8907752,2152,2152,2152,2152,2152,2152,2152,2152,2152,2152,2152,2152,2152,2152,2152,2152,2152,2152,2152,2152,2152,2152,2152,2152,2152,2152,2152,2152,2152,2152,2152,2152,2152,2152,2152,2152,2152,2152,2152,2152,2152,2152,2152,2152,2152,2152,2152,2152,2152,2152,2152,2152,2152,2152,2152,2152,2152,2152,2152,2152
1751854108.0317917,2162,2162,2162,2162,2162,2162,2162,2162,2162,2162,2162,2162,2162,2162,2162,2162,2162,2162,2162,2162,2162,2162,2162,2162,2162,2162,2162,2162,2162,2162,2162,2162,2162,2162,2162,2162,2162,2162,2162,2162,2162,2162,2162,2162,2162,2162,2162,2162,2162,2162,2162,2162,2162,2162,2162,2162,2162,2162,2162,2162
1751854108.157248,2173,2173,2173,2173,2173,2173,2173,2173,2173,2173,2173,2173,2173,2173,2173,2173,2173,2173,2173,2173,2173,2173,2173,2173,2173,2173,2173,2173,2173,2173,2173,2173,2173,2173,2173,2173,2173,2173,2173,2173,2173,2173,2173,2173,2173,2173,2173,2173,2173,2173,2173,2173,2173,2173,2173,2173,2173,2173,2173,2173
1751854108.2186077,2183,2183,2183,2183,2183,2183,2183,2183,2183,2183,2183,2183,2183,2183,2183,2183,2183,2183,2183,2183,2183,2183,2183,2183,2183,2183,2183,2183,2183,2183,2183,2183,2183,2183,2183,2183,2183,2183,2183,2183,2183,2183,2183,2183,2183,2183,2183,2183,2183,2183,2183,2183,2183,2183,2183,2183,2183,2183,2183,2183
1751854108.3437328,2193,2193,2193,2193,2193,2193,2193,2193,2193,2193,2193,2193,2193,2193,2193,2193,2193,2193,2193,2193,2193,2193,2193,2193,2193,2193,2193,2193,2193,2193,2193,2193,2193,2193,2193,2193,2193,2193,2193,2193,2193,2193,2193,2193,2193,2193,2193,2193,2193,2193,2193,2193,2193,2193,2193,2193,2193,2193,2193,2193
1751854108.4067378,2203,2203,2203,2203,2203,2203,2203,2203,2203,2203,2203,2203,2203,2203,2203,2203,2203,2203,2203,2203,2203,2203,2203,2203,2203,2203,2203,2203,2203,2203,2203,2203,2203,2203,2203,2203,2203,2203,2203,2203,2203,2203,2203,2203,2203,2203,2203,2203,2203,2203,2203,2203,2203,2203,2203,2203,2203,2203,2203,2203
1751854108.53121,2213,2213,2213,2213,2213,2213,2213,2213,2213,2213,2213,2213,2213,2213,2213,2213,2213,2213,2213,2213,2213,2213,2213,2213,2213,2213,2213,2213,2213,2213,2213,2213,2213,2213,2213,2213,2213,2213,2213,2213,2213,2213,2213,2213,2213,2213,2213,2213,2213,2213,2213,2213,2213,2213,2213,2213,2213,2213,2213,2213
1751854108.655699,2224,2224,2224,2224,2224,2224,2224,2224,2224,2224,2224,2224,2224,2224,2224,2224,2224,2224,2224,2224,2224,2224,2224,2224,2224,2224,2224,2224,2224,2224,2224,2224,2224,2224,2224,2224,2224,2224,2224,2224,2224,2224,2224,2224,2224,2224,2224,2224,2224,2224,2224,2224,2224,2224,2224,2224,2224,2224,2224,2224
1751854108.7178633,2234,2234,2234,2234,2234,2234,2234,2234,2234,2234,2234,2234,2234,2234,2234,2234,2234,2234,2234,2234,2234,2234,2234,2234,2234,2234,2234,2234,2234,2234,2234,2234,2234,2234,2234,2234,2234,2234,2234,2234,2234,2234,2234,2234,2234,2234,2234,2234,2234,2234,2234,2234,2234,2234,2234,2234,2234,2234,2234,2234
1751854108.8436406,2244,2244,2244,2244,2244,2244,2244,2244,2244,2244,2244,2244,2244,2244,2244,2244,2244,2244,2244,2244,2244,2244,2244,2244,2244,2244,2244,2244,2244,2244,2244,2244,2244,2244,2244,2244,2244,2244,2244,2244,2244,2244,2244,2244,2244,2244,2244,2244,2244,2244,2244,2244,2244,2244,2244,2244,2244,2244,2244,2244
1751854109.0062025,2054,2054,2054,2054,2054,2054,2054,2054,2054,2054,2054,2054,2054,2054,2054,2054,2054,2054,2054,2054,2054,2054,2054,2054,2054,2054,2054,2054,2054,2054,2054,2054,2054,2054,2054,2054,2054,2054,2054,2054,2054,2054,2054,2054,2054,2054,2054,2054,2054,2054,2054,2054,2054,2054,2054,2054,2054,2054,2054,2054
1751854109.0623243,2065,2065,2065,2065,2065,2065,2065,2065,2065,2065,2065,2065,2065,2065,2065,2065,2065,2065,2065,2065,2065,2065,2065,2065,2065,2065,2065,2065,2065,2065,2065,2065,2065,2065,2065,2065,2065,2065,2065,2065,2065,2065,2065,2065,2065,2065,2065,2065,2065,2065,2065,2065,2065,2065,2065,2065,2065,2065,2065,2065
1751854109.1244256,2075,2075,2075,2075,2075,2075,2075,2075,2075,2075,2075,2075,2075,2075,2075,2075,2075,2075,2075,2075,2075,2075,2075,2075,2075,2075,2075,2075,2075,2075,2075,2075,2075,2075,2075,2075,2075,2075,2075,2075,2075,2075,2075,2075,2075,2075,2075,2075,2075,2075,2075,2075,2075,2075,2075,2075,2075,2075,2075,2075
1751854109.24945,2085,2085,2085,2085,2085,2085,2085,2085,2085,2085,2085,2085,2085,2085,2085,2085,2085,2085,2085,2085,2085,2085,2085,2085,2085,2085,2085,2085,2085,2085,2085,2085,2085,2085,2085,2085,2085,2085,2085,2085,2085,2085,2085,2085,2085,2085,2085,2085,2085,2085,2085,2085,2085,2085,2085,2085,2085,2085,2085,2085
1751854109.3777752,2095,2095,2095,2095,2095,2095,2095,2095,2095,2095,2095,2095,2095,2095,2095,2095,2095,2095,2095,2095,2095,2095,2095,2095,2095,2095,2095,2095,2095,2095,2095,2095,2095,2095,2095,2095,2095,2095,2095,2095,2095,2095,2095,2095,2095,2095,2095,2095,2095,2095,2095,2095,2095,2095,2095,2095,2095,2095,2095,2095
1751854109.4374354,2105,2105,2105,2105,2105,2105,2105,2105,2105,2105,2105,2105,2105,2105,2105,2105,2105,2105,2105,2105,2105,2105,2105,2105,2105,2105,2105,2105,2105,2105,2105,2105,2105,2105,2105,2105,2105,2105,2105,2105,2105,2105,2105,2105,2105,2105,2105,2105,2105,2105,2105,2105,2105,2105,2105,2105,2105,2105,2105,2105
1751854109.5625546,2116,2116,2116,2116,2116,2116,2116,2116,2116,2116,2116,2116,2116,2116,2116,2116,2116,2116,2116,2116,2116,2116,2116,2116,2116,2116,2116,2116,2116,2116,2116,2116,2116,2116,2116,2116,2116,2116,2116,2116,2116,2116,2116,2116,2116,2116,2116,2116,2116,2116,2116,2116,2116,2116,2116,2116,2116,2116,2116,2116
1751854109.6881108,2126,2126,2126,2126,2126,2126,2126,2126,2126,2126,2126,2126,2126,2126,2126,2126,2126,2126,2126,2126,2126,2126,2126,2126,2126,2126,2126,2126,2126,2126,2126,2126,2126,2126,2126,2126,2126,2126,2126,2126,2126,2126,2126,2126,2126,2126,2126,2126,2126,2126,2126,2126,2126,2126,2126,2126,2126,2126,2126,2126
1751854109.74953,2136,2136,2136,2136,2136,2136,2136,2136,2136,2136,2136,2136,2136,2136,2136,2136,2136,2136,2136,2136,2136,2136,2136,2136,2136,2136,2136,2136,2136,2136,2136,2136,2136,2136,2136,2136,2136,2136,2136,2136,2136,2136,2136,2136,2136,2136,2136,2136,2136,2136,2136,2136,2136,2136,2136,2136,2136,2136,2136,2136
1751854109.8740203,2146,2146,2146,2146,2146,2146,2146,2146,2146,2146,2146,2146,2146,2146,2146,2146,2146,2146,2146,2146,2146,2146,2146,2146,2146,2146,2146,2146,2146,2146,2146,2146,2146,2146,2146,2146,2146,2146,2146,2146,2146,2146,2146,2146,2146,2146,2146,2146,2146,2146,2146,2146,2146,2146,2146,2146,2146,2146,2146,2146
1751854109.9494028,2157,2157,2157,2157,2157,2157,2157,2157,2157,2157,2157,2157,2157,2157,2157,2157,2157,2157,2157,2157,2157,2157,2157,2157,2157,2157,2157,2157,2157,2157,2157,2157,2157,2157,2157,2157,2157,2157,2157,2157,2157,2157,2157,2157,2157,2157,2157,2157,2157,2157,2157,2157,2157,2157,2157,2157,2157,2157,2157,2157
1751854110.0618153,2167,2167,2167,2167,2167,2167,2167,2167,2167,2167,2167,2167,2167,2167,2167,2167,2167,2167,2167,2167,2167,2167,2167,2167,2167,2167,2167,2167,2167,2167,2167,2167,2167,2167,2167,2167,2167,2167,2167,2167,2167,2167,2167,2167,2167,2167,2167,2167,2167,2167,2167,2167,2167,2167,2167,2167,2167,2167,2167,2167
1751854110.189614,2177,2177,2177,2177,2177,2177,2177,2177,2177,2177,2177,2177,2177,2177,2177,2177,2177,2177,2177,2177,2177,2177,2177,2177,2177,2177,2177,2177,2177,2177,2177,2177,2177,2177,2177,2177,2177,2177,2177,2177,2177,2177,2177,2177,2177,2177,2177,2177,2177,2177,2177,2177,2177,2177,2177,2177,2177,2177,2177,2177
1751854110.2535603,2187,2187,2187,2187,2187,2187,2187,2187,2187,2187,2187,2187,2187,2187,2187,2187,2187,2187,2187,2187,2187,2187,2187,2187,2187,2187,2187,2187,2187,2187,2187,2187,2187,2187,2187,2187,2187,2187,2187,2187,2187,2187,2187,2187,2187,2187,2187,2187,2187,2187,2187,2187,2187,2187,2187,2187,2187,2187,2187,2187
1751854110.3741236,2197,2197,2197,2197,2197,2197,2197,2197,2197,2197,2197,2197,2197,2197,2197,2197,2197,2197,2197,2197,2197,2197,2197,2197,2197,2197,2197,2197,2197,2197,2197,2197,2197,2197,2197,2197,2197,2197,2197,2197,2197,2197,2197,2197,2197,2197,2197,2197,2197,2197,2197,2197,2197,2197,2197,2197,2197,2197,2197,2197
1751854110.500277,2208,2208,2208,2208,2208,2208,2208,2208,2208,2208,2208,2208,2208,2208,2208,2208,2208,2208,2208,2208,2208,2208,2208,2208,2208,2208,2208,2208,2208,2208,2208,2208,2208,2208,2208,2208,2208,2208,2208,2208,2208,2208,2208,2208,2208,2208,2208,2208,2208,2208,2208,2208,2208,2208,2208,2208,2208,2208,2208,2208
1751854110.5617557,2218,2218,2218,2218,2218,2218,2218,2218,2218,2218,2218,2218,2218,2218,2218,2218,2218,2218,2218,2218,2218,2218,2218,2218,2218,2218,2218,2218,2218,2218,2218,2218,2218,2218,2218,2218,2218,2218,2218,2218,2218,2218,2218,2218,2218,2218,2218,2218,2218,2218,2218,2218,2218,2218,2218,2218,2218,2218,2218,2218
1751854110.68679,2228,2228,2228,2228,2228,2228,2228,2228,2228,2228,2228,2228,2228,2228,2228,2228,2228,2228,2228,2228,2228,2228,2228,2228,2228,2228,2228,2228,2228,2228,2228,2228,2228,2228,2228,2228,2228,2228,2228,2228,2228,2228,2228,2228,2228,2228,2228,2228,2228,2228,2228,2228,2228,2228,2228,2228,2228,2228,2228,2228
1751854110.8129861,2238,2238,2238,2238,2238,2238,2238,2238,2238,2238,2238,2238,2238,2238,2238,2238,2238,2238,2238,2238,2238,2238,2238,2238,2238,2238,2238,2238,2238,2238,2238,2238,2238,2238,2238,2238,2238,2238,2238,2238,2238,2238,2238,2238,2238,2238,2238,2238,2238,2238,2238,2238,2238,2238,2238,2238,2238,2238,2238,2238
1751854110.8754559,2048,2048,2048,2048,2048,2048,2048,2048,2048,2048,2048,2048,2048,2048,2048,2048,2048,2048,2048,2048,2048,2048,2048,2048,2048,2048,2048,2048,2048,2048,2048,2048,2048,2048,2048,2048,2048,2048,2048,2048,2048,2048,2048,2048,2048,2048,2048,2048,2048,2048,2048,2048,2048,2048,2048,2048,2048,2048,2048,2048
1751854110.9992056,2059,2059,2059,2059,2059,2059,2059,2059,2059,2059,2059,2059,2059,2059,2059,2059,2059,2059,2059,2059,2059,2059,2059,2059,2059,2059,2059,2059,2059,2059,2059,2059,2059,2059,2059,2059,2059,2059,2059,2059,2059,2059,2059,2059,2059,2059,2059,2059,2059,2059,2059,2059,2059,2059,2059,2059,2059,2059,2059,2059
1751854111.080748,2069,2069,2069,2069,2069,2069,2069,2069,2069,2069,2069,2069,2069,2069,2069,2069,2069,2069,2069,2069,2069,2069,2069,2069,2069,2069,2069,2069,2069,2069,2069,2069,2069,2069,2069,2069,2069,2069,2069,2069,2069,2069,2069,2069,2069,2069,2069,2069,2069,2069,2069,2069,2069,2069,2069,2069,2069,2069,2069,2069
1751854111.2041664,2079,2079,2079,2079,2079,2079,2079,2079,2079,2079,2079,2079,2079,2079,2079,2079,2079,2079,2079,2079,2079,2079,2079,2079,2079,2079,2079,2079,2079,2079,2079,2079,2079,2079,2079,2079,2079,2079,2079,2079,2079,2079,2079,2079,2079,2079,2079,2079,2079,2079,2079,2079,2079,2079,2079,2079,2079,2079,2079,2079
1751854111.2683399,2089,2089,2089,2089,2089,2089,2089,2089,2089,2089,2089,2089,2089,2089,2089,2089,2089,2089,2089,2089,2089,2089,2089,2089,2089,2089,2089,2089,2089,2089,2089,2089,2089,2089,2089,2089,2089,2089,2089,2089,2089,2089,2089,2089,2089,2089,2089,2089,2089,2089,2089,2089,2089,2089,2089,2089,2089,2089,2089,2089
1751854111.389792,2099,2099,2099,2099,2099,2099,2099,2099,2099,2099,2099,2099,2099,2099,2099,2099,2099,2099,2099,2099,2099,2099,2099,2099,2099,2099,2099,2099,2099,2099,2099,2099,2099,2099,2099,2099,2099,2099,2099,2099,2099,2099,2099,2099,2099,2099,2099,2099,2099,2099,2099,2099,2099,2099,2099,2099,2099,2099,2099,2099
1751854111.51491,2110,2110,2110,2110,2110,2110,2110,2110,2110,2110,2110,2110,2110,2110,2110,2110,2110,2110,2110,2110,2110,2110,2110,2110,2110,2110,2110,2110,2110,2110,2110,2110,2110,2110,2110,2110,2110,2110,2110,2110,2110,2110,2110,2110,2110,2110,2110,2110,2110,2110,2110,2110,2110,2110,2110,2110,2110,2110,2110,2110
1751854111.5780613,2120,2120,2120,2120,2120,2120,2120,2120,2120,2120,2120,2120,2120,2120,2120,2120,2120,2120,2120,2120,2120,2120,2120,2120,2120,2120,2120,2120,2120,2120,2120,2120,2120,2120,2120,2120,2120,2120,2120,2120,2120,2120,2120,2120,2120,2120,2120,2120,2120,2120,2120,2120,2120,2120,2120,2120,2120,2120,2120,2120
1751854111.7031307,2130,2130,2130,2130,2130,2130,2130,2130,2130,2130,2130,2130,2130,2130,2130,2130,2130,2130,2130,2130,2130,2130,2130,2130,2130,2130,2130,2130,2130,2130,2130,2130,2130,2130,2130,2130,2130,2130,2130,2130,2130,2130,2130,2130,2130,2130,2130,2130,2130,2130,2130,2130,2130,2130,2130,2130,2130,2130,2130,2130
1751854111.8275135,2140,2140,2140,2140,2140,2140,2140,2140,2140,2140,2140,2140,2140,2140,2140,2140,2140,2140,2140,2140,2140,2140,2140,2140,2140,2140,2140,2140,2140,2140,2140,2140,2140,2140,2140,2140,2140,2140,2140,2140,2140,2140,2140,2140,2140,2140,2140,2140,2140,2140,2140,2140,2140,2140,2140,2140,2140,2140,2140,2140
1751854111.889461,2151,2151,2151,2151,2151,2151,2151,2151,2151,2151,2151,2151,2151,2151,2151,2151,2151,2151,2151,2151,2151,2151,2151,2151,2151,2151,2151,2151,2151,2151,2151,2151,2151,2151,2151,2151,2151,2151,2151,2151,2151,2151,2151,2151,2151,2151,2151,2151,2151,2151,2151,2151,2151,2151,2151,2151,2151,2151,2151,2151
1751854112.01587,2161,2161,2161,2161,2161,2161,2161,2161,2161,2161,2161,2161,2161,2161,2161,2161,2161,2161,2161,2161,2161,2161,2161,2161,2161,2161,2161,2161,2161,2161,2161,2161,2161,2161,2161,2161,2161,2161,2161,2161,2161,2161,2161,2161,2161,2161,2161,2161,2161,2161,2161,2161,2161,2161,2161,2161,2161,2161,2161,2161
1751854112.1422446,2171,2171,2171,2171,2171,2171,2171,2171,2171,2171,2171,2171,2171,2171,2171,2171,2171,2171,2171,2171,2171,2171,2171,2171,2171,2171,2171,2171,2171,2171,2171,2171,2171,2171,2171,2171,2171,2171,2171,2171,2171,2171,2171,2171,2171,2171,2171,2171,2171,2171,2171,2171,2171,2171,2171,2171,2171,2171,2171,2171
1751854112.2021675,2181,2181,2181,2181,2181,2181,2181,2181,2181,2181,2181,2181,2181,2181,2181,2181,2181,2181,2181,2181,2181,2181,2181,2181,2181,2181,2181,2181,2181,2181,2181,2181,2181,2181,2181,2181,2181,2181,2181,2181,2181,2181,2181,2181,2181,2181,2181,2181,2181,2181,2181,2181,2181,2181,2181,2181,2181,2181,2181,2181
1751854112.3290238,2192,2192,2192,2192,2192,2192,2192,2192,2192,2192,2192,2192,2192,2192,2192,2192,2192,2192,2192,2192,2192,2192,2192,2192,2192,2192,2192,2192,2192,2192,2192,2192,2192,2192,2192,2192,2192,2192,2192,2192,2192,2192,2192,2192,2192,2192,2192,2192,2192,2192,2192,2192,2192,2192,2192,2192,2192,2192,2192,2192
1751854112.3909109,2202,2202,2202,2202,2202,2202,2202,2202,2202,2202,2202,2202,2202,2202,2202,2202,2202,2202,2202,2202,2202,2202,2202,2202,2202,2202,2202,2202,2202,2202,2202,2202,2202,2202,2202,2202,2202,2202,2202,2202,2202,2202,2202,2202,2202,2202,2202,2202,2202,2202,2202,2202,2202,2202,2202,2202,2202,2202,2202,2202
1751854112.514833,2212,2212,2212,2212,2212,2212,2212,2212,2212,2212,2212,2212,2212,2212,2212,2212,2212,2212,2212,2212,2212,2212,2212,2212,2212,2212,2212,2212,2212,2212,2212,2212,2212,2212,2212,2212,2212,2212,2212,2212,2212,2212,2212,2212,2212,2212,2212,2212,2212,2212,2212,2212,2212,2212,2212,2212,2212,2212,2212,2212
1751854112.6405575,2222,2222,2222,2222,2222,2222,2222,2222,2222,2222,2222,2222,2222,2222,2222,2222,2222,2222,2222,2222,2222,2222,2222,2222,2222,2222,2222,2222,2222,2222,2222,2222,2222,2222,2222,2222,2222,2222,2222,2222,2222,2222,2222,2222,2222,2222,2222,2222,2222,2222,2222,2222,2222,2222,2222,2222,2222,2222,2222,2222
1751854112.7095408,2232,2232,2232,2232,2232,2232,2232,2232,2232,2232,2232,2232,2232,2232,2232,2232,2232,2232,2232,2232,2232,2232,2232,2232,2232,2232,2232,2232,2232,2232,2232,2232,2232,2232,2232,2232,2232,2232,2232,2232,2232,2232,2232,2232,2232,2232,2232,2232,2232,2232,2232,2232,2232,2232,2232,2232,2232,2232,2232,2232
1751854112.8273058,2243,2243,2243,2243,2243,2243,2243,2243,2243,2243,2243,2243,2243,2243,2243,2243,2243,2243,2243,2243,2243,2243,2243,2243,2243,2243,2243,2243,2243,2243,2243,2243,2243,2243,2243,2243,2243,2243,2243,2243,2243,2243,2243,2243,2243,2243,2243,2243,2243,2243,2243,2243,2243,2243,2243,2243,2243,2243,2243,2243
1751854112.9534893,2053,2053,2053,2053,2053,2053,2053,2053,2053,2053,2053,2053,2053,2053,2053,2053,2053,2053,2053,2053,2053,2053,2053,2053,2053,2053,2053,2053,2053,2053,2053,2053,2053,2053,2053,2053,2053,2053,2053,2053,2053,2053,2053,2053,2053,2053,2053,2053,2053,2053,2053,2053,2053,2053,2053,2053,2053,2053,2053,2053
1751854113.0205424,2063,2063,2063,2063,2063,2063,2063,2063,2063,2063,2063,2063,2063,2063,2063,2063,2063,2063,2063,2063,2063,2063,2063,2063,2063,2063,2063,2063,2063,2063,2063,2063,2063,2063,2063,2063,2063,2063,2063,2063,2063,2063,2063,2063,2063,2063,2063,2063,2063,2063,2063,2063,2063,2063,2063,2063,2063,2063,2063,2063
1751854113.214164,2073,2073,2073,2073,2073,2073,2073,2073,2073,2073,2073,2073,2073,2073,2073,2073,2073,2073,2073,2073,2073,2073,2073,2073,2073,2073,2073,2073,2073,2073,2073,2073,2073,2073,2073,2073,2073,2073,2073,2073,2073,2073,2073,2073,2073,2073,2073,2073,2073,2073,2073,2073,2073,2073,2073,2073,2073,2073,2073,2073
1751854113.2141833,2083,2083,2083,2083,2083,2083,2083,2083,2083,2083,2083,2083,2083,2083,2083,2083,2083,2083,2083,2083,2083,2083,2083,2083,2083,2083,2083,2083,2083,2083,2083,2083,2083,2083,2083,2083,2083,2083,2083,2083,2083,2083,2083,2083,2083,2083,2083,2083,2083,2083,2083,2083,2083,2083,2083,2083,2083,2083,2083,2083
1751854113.3287308,2094,2094,2094,2094,2094,2094,2094,2094,2094,2094,2094,2094,2094,2094,2094,2094,2094,2094,2094,2094,2094,2094,2094,2094,2094,2094,2094,2094,2094,2094,2094,2094,2094,2094,2094,2094,2094,2094,2094,2094,2094,2094,2094,2094,2094,2094,2094,2094,2094,2094,2094,2094,2094,2094,2094,2094,2094,2094,2094,2094
1751854113.4524083,2104,2104,2104,2104,2104,2104,2104,2104,2104,2104,2104,2104,2104,2104,2104,2104,2104,2104,2104,2104,2104,2104,2104,2104,2104,2104,2104,2104,2104,2104,2104,2104,2104,2104,2104,2104,2104,2104,2104,2104,2104,2104,2104,2104,2104,2104,2104,2104,2104,2104,2104,2104,2104,2104,2104,2104,2104,2104,2104,2104
1751854113.518686,2114,2114,2114,2114,2114,2114,2114,2114,2114,2114,2114,2114,2114,2114,2114,2114,2114,2114,2114,2114,2114,2114,2114,2114,2114,2114,2114,2114,2114,2114,2114,2114,2114,2114,2114,2114,2114,2114,2114,2114,2114,2114,2114,2114,2114,2114,2114,2114,2114,2114,2114,2114,2114,2114,2114,2114,2114,2114,2114,2114
1751854113.6411114,2124,2124,2124,2124,2124,2124,2124,2124,2124,2124,2124,2124,2124,2124,2124,2124,2124,2124,2124,2124,2124,2124,2124,2124,2124,2124,2124,2124,2124,2124,2124,2124,2124,2124,2124,2124,2124,2124,2124,2124,2124,2124,2124,2124,2124,2124,2124,2124,2124,2124,2124,2124,2124,2124,2124,2124,2124,2124,2124,2124
1751854113.76504,2135,2135,2135,2135,2135,2135,2135,2135,2135,2135,2135,2135,2135,2135,2135,2135,2135,2135,2135,2135,2135,2135,2135,2135,2135,2135,2135,2135,2135,2135,2135,2135,2135,2135,2135,2135,2135,2135,2135,2135,2135,2135,2135,2135,2135,2135,2135,2135,2135,2135,2135,2135,2135,2135,2135,2135,2135,2135,2135,2135
1751854113.830385,2145,2145,2145,2145,2145,2145,2145,2145,2145,2145,2145,2145,2145,2145,2145,2145,2145,2145,2145,2145,2145,2145,2145,2145,2145,2145,2145,2145,2145,2145,2145,2145,2145,2145,2145,2145,2145,2145,2145,2145,2145,2145,2145,2145,2145,2145,2145,2145,2145,2145,2145,2145,2145,2145,2145,2145,2145,2145,2145,2145
1751854113.9527786,2155,2155,2155,2155,2155,2155,2155,2155,2155,2155,2155,2155,2155,2155,2155,2155,2155,2155,2155,2155,2155,2155,2155,2155,2155,2155,2155,2155,2155,2155,2155,2155,2155,2155,2155,2155,2155,2155,2155,2155,2155,2155,2155,2155,2155,2155,2155,2155,2155,2155,2155,2155,2155,2155,2155,2155,2155,2155,2155,2155
1751854114.0770435,2165,2165,2165,2165,2165,2165,2165,2165,2165,2165,2165,2165,2165,2165,2165,2165,2165,2165,2165,2165,2165,2165,2165,2165,2165,2165,2165,2165,2165,2165,2165,2165,2165,2165,2165,2165,2165,2165,2165,2165,2165,2165,2165,2165,2165,2165,2165,2165,2165,2165,2165,2165,2165,2165,2165,2165,2165,2165,2165,2165
1751854114.156797,2176,2176,2176,2176,2176,2176,2176,2176,2176,2176,2176,2176,2176,2176,2176,2176,2176,2176,2176,2176,2176,2176,2176,2176,2176,2176,2176,2176,2176,2176,2176,2176,2176,2176,2176,2176,2176,2176,2176,2176,2176,2176,2176,2176,2176,2176,2176,2176,2176,2176,2176,2176,2176,2176,2176,2176,2176,2176,2176,2176
1751854114.2825193,2186,2186,2186,2186,2186,2186,2186,2186,2186,2186,2186,2186,2186,2186,2186,2186,2186,2186,2186,2186,2186,2186,2186,2186,2186,2186,2186,2186,2186,2186,2186,2186,2186,2186,2186,2186,2186,2186,2186,2186,2186,2186,2186,2186,2186,2186,2186,2186,2186,2186,2186,2186,2186,2186,2186,2186,2186,2186,2186,2186
1751854114.3437114,2196,2196,2196,2196,2196,2196,2196,2196,2196,2196,2196,2196,2196,2196,2196,2196,2196,2196,2196,2196,2196,2196,2196,2196,2196,2196,2196,2196,2196,2196,2196,2196,2196,2196,2196,2196,2196,2196,2196,2196,2196,2196,2196,2196,2196,2196,2196,2196,2196,2196,2196,2196,2196,2196,2196,2196,2196,2196,2196,2196
1751854114.4690344,2206,2206,2206,2206,2206,2206,2206,2206,2206,2206,2206,2206,2206,2206,2206,2206,2206,2206,2206,2206,2206,2206,2206,2206,2206,2206,2206,2206,2206,2206,2206,2206,2206,2206,2206,2206,2206,2206,2206,2206,2206,2206,2206,2206,2206,2206,2206,2206,2206,2206,2206,2206,2206,2206,2206,2206,2206,2206,2206,2206
1751854114.593964,2216,2216,2216,2216,2216,2216,2216,2216,2216,2216,2216,2216,2216,2216,2216,2216,2216,2216,2216,2216,2216,2216,2216,2216,2216,2216,2216,2216,2216,2216,2216,2216,2216,2216,2216,2216,2216,2216,2216,2216,2216,2216,2216,2216,2216,2216,2216,2216,2216,2216,2216,2216,2216,2216,2216,2216,2216,2216,2216,2216
1751854114.6562583,2227,2227,2227,2227,2227,2227,2227,2227,2227,2227,2227,2227,2227,2227,2227,2227,2227,2227,2227,2227,2227,2227,2227,2227,2227,2227,2227,2227,2227,2227,2227,2227,2227,2227,2227,2227,2227,2227,2227,2227,2227,2227,2227,2227,2227,2227,2227,2227,2227,2227,2227,2227,2227,2227,2227,2227,2227,2227,2227,2227
1751854114.781565,2237,2237,2237,2237,2237,2237,2237,2237,2237,2237,2237,2237,2237,2237,2237,2237,2237,2237,2237,2237,2237,2237,2237,2237,2237,2237,2237,2237,2237,2237,2237,2237,2237,2237,2237,2237,2237,2237,2237,2237,2237,2237,2237,2237,2237,2237,2237,2237,2237,2237,2237,2237,2237,2237,2237,2237,2237,2237,2237,2237
1751854114.8452854,2247,2247,2247,2247,2247,2247,2247,2247,2247,2247,2247,2247,2247,2247,2247,2247,2247,2247,2247,2247,2247,2247,2247,2247,2247,2247,2247,2247,2247,2247,2247,2247,2247,2247,2247,2247,2247,2247,2247,2247,2247,2247,2247,2247,2247,2247,2247,2247,2247,2247,2247,2247,2247,2247,2247,2247,2247,2247,2247,2247
1751854114.9680517,2057,2057,2057,2057,2057,2057,2057,2057,2057,2057,2057,2057,2057,2057,2057,2057,2057,2057,2057,2057,2057,2057,2057,2057,2057,2057,2057,2057,2057,2057,2057,2057,2057,2057,2057,2057,2057,2057,2057,2057,2057,2057,2057,2057,2057,2057,2057,2057,2057,2057,2057,2057,2057,2057,2057,2057,2057,2057,2057,2057
1751854115.0944731,2068,2068,2068,2068,2068,2068,2068,2068,2068,2068,2068,2068,2068,2068,2068,2068,2068,2068,2068,2068,2068,2068,2068,2068,2068,2068,2068,2068,2068,2068,2068,2068,2068,2068,2068,2068,2068,2068,2068,2068,2068,2068,2068,2068,2068,2068,2068,2068,2068,2068,2068,2068,2068,2068,2068,2068,2068,2068,2068,2068
1751854115.1563125,2054,2054,2054,2054,2054,2054,2054,2054,2054,2054,2054,2054,2054,2054,2054,2054,2054,2054,2054,2054,2054,2054,2054,2054,2054,2054,2054,2054,2054,2054,2054,2054,2054,2054,2054,2054,2054,2054,2054,2054,2054,2054,2054,2054,2054,2054,2054,2054,2054,2054,2054,2054,2054,2054,2054,2054,2054,2054,2054,2054
1751854115.280663,2064,2064,2064,2064,2064,2064,2064,2064,2064,2064,2064,2064,2064,2064,2064,2064,2064,2064,2064,2064,2064,2064,2064,2064,2064,2064,2064,2064,2064,2064,2064,2064,2064,2064,2064,2064,2064,2064,2064,2064,2064,2064,2064,2064,2064,2064,2064,2064,2064,2064,2064,2064,2064,2064,2064,2064,2064,2064,2064,2064
1751854115.3536584,2074,2074,2074,2074,2074,2074,2074,2074,2074,2074,2074,2074,2074,2074,2074,2074,2074,2074,2074,2074,2074,2074,2074,2074,2074,2074,2074,2074,2074,2074,2074,2074,2074,2074,2074,2074,2074,2074,2074,2074,2074,2074,2074,2074,2074,2074,2074,2074,2074,2074,2074,2074,2074,2074,2074,2074,2074,2074,2074,2074
